id,status,priority,cluster,article_type,primary_keyword,secondary_keywords,intent,working_title,slug,taxonomy_parent,taxonomy_child,taxonomy_url,parent_pillar,validation_required,source_signal,existing_url
"1","planned","P2","core","guide","thuê xe máy hà nội lần đầu","","informational-commercial","Thuê xe máy Hà Nội lần đầu: 12 điều nên biết trước khi nhận xe","thue-xe-may-ha-noi-lan-dau","thue-xe","bat-dau-thue","/blog/danh-muc/thue-xe/bat-dau-thue/","/","verify-current-service-policy","EditorialMatrix:distinct-angle",""
"2","planned","P1","core","guide","thuê xe máy hà nội giao tận nơi","","informational-commercial","Thuê xe máy Hà Nội giao tận nơi: quy trình nhận xe nên kiểm tra gì?","thue-xe-may-ha-noi-giao-tan-noi","thue-xe","bat-dau-thue","/blog/danh-muc/thue-xe/bat-dau-thue/","/","verify-current-service-policy","KeywordTool:core",""
"3","planned","P1","core","guide","thuê xe máy hà nội gần đây","","informational-commercial","Thuê xe máy Hà Nội gần đây: chọn điểm nhận xe theo khoảng cách hay chất lượng?","thue-xe-may-ha-noi-gan-day","thue-xe","bat-dau-thue","/blog/danh-muc/thue-xe/bat-dau-thue/","/","verify-current-service-policy","KeywordTool:core",""
"4","planned","P1","core","guide","thuê xe máy hà nội uy tín","","informational-commercial","Thuê xe máy Hà Nội uy tín: 9 tiêu chí đánh giá trước khi đặt","thue-xe-may-ha-noi-uy-tin","thue-xe","bat-dau-thue","/blog/danh-muc/thue-xe/bat-dau-thue/","/","verify-current-service-policy","KeywordTool:core",""
"5","planned","P1","core","guide","thuê xe máy hà nội cho người nước ngoài","","informational-commercial","Thuê xe máy Hà Nội cho người nước ngoài: giấy tờ và câu hỏi cần chuẩn bị","thue-xe-may-ha-noi-cho-nguoi-nuoc-ngoai","thue-xe","bat-dau-thue","/blog/danh-muc/thue-xe/bat-dau-thue/","/","verify-current-service-policy","KeywordTool:core",""
"6","planned","P2","core","guide","thuê xe máy hà nội cho khách du lịch","","informational-commercial","Thuê xe máy Hà Nội cho khách du lịch: chọn xe theo lịch trình như thế nào?","thue-xe-may-ha-noi-cho-khach-du-lich","thue-xe","bat-dau-thue","/blog/danh-muc/thue-xe/bat-dau-thue/","/","verify-current-service-policy","EditorialMatrix:distinct-angle",""
"7","planned","P2","core","guide","thuê xe máy hà nội cho sinh viên","","informational-commercial","Thuê xe máy Hà Nội cho sinh viên: cách chọn gói thuê phù hợp ngân sách","thue-xe-may-ha-noi-cho-sinh-vien","thue-xe","bat-dau-thue","/blog/danh-muc/thue-xe/bat-dau-thue/","/","verify-current-service-policy","EditorialMatrix:distinct-angle",""
"8","planned","P2","core","guide","thuê xe máy hà nội dài ngày","","informational-commercial","Thuê xe máy Hà Nội dài ngày: khi nào nên chuyển sang gói tuần hoặc tháng?","thue-xe-may-ha-noi-dai-ngay","thue-xe","bat-dau-thue","/blog/danh-muc/thue-xe/bat-dau-thue/","/","verify-current-service-policy","EditorialMatrix:distinct-angle",""
"9","planned","P1","core","guide","thuê xe máy tự lái hà nội","","informational-commercial","Thuê xe máy tự lái Hà Nội: checklist trước khi ký nhận xe","thue-xe-may-tu-lai-ha-noi","thue-xe","bat-dau-thue","/blog/danh-muc/thue-xe/bat-dau-thue/","/","verify-current-service-policy","KeywordTool:core",""
"10","planned","P2","core","guide","thuê xe máy hà nội cuối tuần","","informational-commercial","Thuê xe máy Hà Nội cuối tuần: chuẩn bị gì để nhận và trả xe nhanh?","thue-xe-may-ha-noi-cuoi-tuan","thue-xe","bat-dau-thue","/blog/danh-muc/thue-xe/bat-dau-thue/","/","verify-current-service-policy","EditorialMatrix:distinct-angle",""
"11","planned","P2","core","guide","thuê xe máy hà nội mùa mưa","","informational-commercial","Thuê xe máy Hà Nội mùa mưa: chọn xe và đồ cần chuẩn bị","thue-xe-may-ha-noi-mua-mua","thue-xe","bat-dau-thue","/blog/danh-muc/thue-xe/bat-dau-thue/","/","verify-current-service-policy","EditorialMatrix:distinct-angle",""
"12","planned","P2","core","guide","thuê xe máy hà nội mùa lạnh","","informational-commercial","Thuê xe máy Hà Nội mùa lạnh: lưu ý khi chạy xe và nhận xe","thue-xe-may-ha-noi-mua-lanh","thue-xe","bat-dau-thue","/blog/danh-muc/thue-xe/bat-dau-thue/","/","verify-current-service-policy","EditorialMatrix:distinct-angle",""
"13","planned","P2","core","guide","thuê xe máy hà nội ban đêm","","informational-commercial","Thuê xe máy Hà Nội ban đêm: 8 điều phải xác nhận trước khi nhận xe","thue-xe-may-ha-noi-ban-dem","thue-xe","bat-dau-thue","/blog/danh-muc/thue-xe/bat-dau-thue/","/","verify-current-service-policy","EditorialMatrix:distinct-angle",""
"14","planned","P2","core","guide","thuê xe máy hà nội nhận xe sớm","","informational-commercial","Thuê xe máy Hà Nội nhận xe sớm: cách chuẩn bị để không mất thời gian","thue-xe-may-ha-noi-nhan-xe-som","thue-xe","bat-dau-thue","/blog/danh-muc/thue-xe/bat-dau-thue/","/","verify-current-service-policy","EditorialMatrix:distinct-angle",""
"15","planned","P2","core","guide","thuê xe máy hà nội trả xe muộn","","informational-commercial","Thuê xe máy Hà Nội trả xe muộn: cần hỏi gì về thời gian và phụ phí?","thue-xe-may-ha-noi-tra-xe-muon","thue-xe","bat-dau-thue","/blog/danh-muc/thue-xe/bat-dau-thue/","/","verify-current-service-policy","EditorialMatrix:distinct-angle",""
"16","planned","P2","core","guide","thuê xe máy hà nội mang hành lý","","informational-commercial","Thuê xe máy Hà Nội khi có nhiều hành lý: chọn xe và cách sắp xếp an toàn","thue-xe-may-ha-noi-mang-hanh-ly","thue-xe","bat-dau-thue","/blog/danh-muc/thue-xe/bat-dau-thue/","/","verify-current-service-policy","EditorialMatrix:distinct-angle",""
"17","planned","P2","core","guide","thuê xe máy hà nội cho 2 người","","informational-commercial","Thuê xe máy Hà Nội cho 2 người: chọn xe theo tải và hành trình","thue-xe-may-ha-noi-cho-2-nguoi","thue-xe","bat-dau-thue","/blog/danh-muc/thue-xe/bat-dau-thue/","/","verify-current-service-policy","EditorialMatrix:distinct-angle",""
"18","planned","P2","core","guide","thuê xe máy hà nội đi công tác","","informational-commercial","Thuê xe máy Hà Nội khi đi công tác: chọn gói thuê nào tiết kiệm thời gian?","thue-xe-may-ha-noi-di-cong-tac","thue-xe","bat-dau-thue","/blog/danh-muc/thue-xe/bat-dau-thue/","/","verify-current-service-policy","EditorialMatrix:distinct-angle",""
"19","planned","P1","core","guide","thuê xe máy hà nội 24h","","informational-commercial","Thuê xe máy Hà Nội 24h: hiểu đúng giờ thuê, giờ trả và hỗ trợ","thue-xe-may-ha-noi-24h","thue-xe","bat-dau-thue","/blog/danh-muc/thue-xe/bat-dau-thue/","/","verify-current-service-policy","KeywordTool:core",""
"20","planned","P1","core","guide","app thuê xe máy hà nội","","informational-commercial","App thuê xe máy Hà Nội hay thuê trực tiếp: nên chọn cách nào?","app-thue-xe-may-ha-noi","thue-xe","bat-dau-thue","/blog/danh-muc/thue-xe/bat-dau-thue/","/","verify-current-service-policy","KeywordTool:core | KeywordTool:monthly | KeywordTool:50cc | KeywordTool:electric | KeywordTool:thuê xe máy 50cc | KeywordTool:thuê xe ga 50cc",""
"21","planned","P2","pricing-duration","pricing-guide","cách đọc bảng giá thuê xe máy hà nội","","informational-commercial","Cách đọc bảng giá thuê xe máy Hà Nội để không nhầm ngày, giờ và phụ phí","cach-doc-bang-gia-thue-xe-may-ha-noi","thue-xe","gia-thoi-gian","/blog/danh-muc/thue-xe/gia-thoi-gian/","/banggia.html","verify-current-business-pricing | verify-current-service-policy","EditorialMatrix:distinct-angle",""
"22","planned","P2","pricing-duration","pricing-guide","thuê xe máy hà nội 1 ngày tính như thế nào","","informational-commercial","Thuê xe máy Hà Nội 1 ngày tính như thế nào?","thue-xe-may-ha-noi-1-ngay-tinh-nhu-the-nao","thue-xe","gia-thoi-gian","/blog/danh-muc/thue-xe/gia-thoi-gian/","/banggia.html","verify-current-business-pricing | verify-current-service-policy","EditorialMatrix:distinct-angle",""
"23","planned","P2","pricing-duration","pricing-guide","thuê xe máy hà nội 2 ngày","","informational-commercial","Thuê xe máy Hà Nội 2 ngày: cách so sánh giá ngày và gói ngắn hạn","thue-xe-may-ha-noi-2-ngay","thue-xe","gia-thoi-gian","/blog/danh-muc/thue-xe/gia-thoi-gian/","/banggia.html","verify-current-business-pricing | verify-current-service-policy","EditorialMatrix:distinct-angle",""
"24","planned","P2","pricing-duration","pricing-guide","thuê xe máy hà nội 3 ngày","","informational-commercial","Thuê xe máy Hà Nội 3 ngày: nên tính theo ngày hay hỏi gói riêng?","thue-xe-may-ha-noi-3-ngay","thue-xe","gia-thoi-gian","/blog/danh-muc/thue-xe/gia-thoi-gian/","/banggia.html","verify-current-business-pricing | verify-current-service-policy","EditorialMatrix:distinct-angle",""
"25","planned","P2","pricing-duration","pricing-guide","thuê xe máy hà nội 1 tuần","","informational-commercial","Thuê xe máy Hà Nội 1 tuần: cách tính tổng chi phí trước khi đặt","thue-xe-may-ha-noi-1-tuan","thue-xe","gia-thoi-gian","/blog/danh-muc/thue-xe/gia-thoi-gian/","/banggia.html","verify-current-business-pricing | verify-current-service-policy","EditorialMatrix:distinct-angle",""
"26","planned","P1","pricing-duration","pricing-guide","thuê xe máy hà nội theo tuần","","informational-commercial","Thuê xe máy Hà Nội theo tuần: khi nào rẻ hơn thuê từng ngày?","thue-xe-may-ha-noi-theo-tuan","thue-xe","gia-thoi-gian","/blog/danh-muc/thue-xe/gia-thoi-gian/","/banggia.html","verify-current-business-pricing | verify-current-service-policy","KeywordTool:core",""
"27","planned","P1","pricing-duration","pricing-guide","thuê xe máy hà nội 1 tháng","","informational-commercial","Thuê xe máy Hà Nội 1 tháng: checklist chi phí và điều khoản cần hỏi","thue-xe-may-ha-noi-1-thang","thue-xe","gia-thoi-gian","/blog/danh-muc/thue-xe/gia-thoi-gian/","/banggia.html","verify-current-business-pricing | verify-current-service-policy","KeywordTool:core",""
"28","planned","P0","pricing-duration","pricing-guide","thuê xe máy hà nội theo tháng","","informational-commercial","Thuê xe máy Hà Nội theo tháng: cách so sánh gói dài hạn","thue-xe-may-ha-noi-theo-thang","thue-xe","gia-thoi-gian","/blog/danh-muc/thue-xe/gia-thoi-gian/","/banggia.html","verify-current-business-pricing | verify-current-service-policy","GSC | KeywordTool:core",""
"29","planned","P1","pricing-duration","pricing-guide","thuê xe máy dài hạn hà nội","","informational-commercial","Thuê xe máy dài hạn Hà Nội: 7 khoản nên tính ngoài giá thuê","thue-xe-may-dai-han-ha-noi","thue-xe","gia-thoi-gian","/blog/danh-muc/thue-xe/gia-thoi-gian/","/banggia.html","verify-current-business-pricing | verify-current-service-policy","KeywordTool:core",""
"30","planned","P1","pricing-duration","pricing-guide","thuê xe máy hà nội theo giờ","","informational-commercial","Thuê xe máy Hà Nội theo giờ: khi nào hợp lý hơn thuê cả ngày?","thue-xe-may-ha-noi-theo-gio","thue-xe","gia-thoi-gian","/blog/danh-muc/thue-xe/gia-thoi-gian/","/banggia.html","verify-current-business-pricing | verify-current-service-policy","KeywordTool:core | KeywordTool:pricing",""
"31","planned","P2","pricing-duration","pricing-guide","thuê xe máy hà nội 2 giờ","","informational-commercial","Thuê xe máy Hà Nội 2 giờ: có đáng hơn gọi xe công nghệ?","thue-xe-may-ha-noi-2-gio","thue-xe","gia-thoi-gian","/blog/danh-muc/thue-xe/gia-thoi-gian/","/banggia.html","verify-current-business-pricing | verify-current-service-policy","EditorialMatrix:distinct-angle",""
"32","planned","P2","pricing-duration","pricing-guide","thuê xe máy hà nội 4 giờ","","informational-commercial","Thuê xe máy Hà Nội 4 giờ: cách tính nhu cầu trước khi thuê","thue-xe-may-ha-noi-4-gio","thue-xe","gia-thoi-gian","/blog/danh-muc/thue-xe/gia-thoi-gian/","/banggia.html","verify-current-business-pricing | verify-current-service-policy","EditorialMatrix:distinct-angle",""
"33","planned","P2","pricing-duration","pricing-guide","thuê xe máy hà nội qua đêm","","informational-commercial","Thuê xe máy Hà Nội qua đêm: cách hiểu thời gian thuê và trả xe","thue-xe-may-ha-noi-qua-dem","thue-xe","gia-thoi-gian","/blog/danh-muc/thue-xe/gia-thoi-gian/","/banggia.html","verify-current-business-pricing | verify-current-service-policy","EditorialMatrix:distinct-angle",""
"34","planned","P2","pricing-duration","pricing-guide","giá thuê xe ga hà nội theo ngày","","informational-commercial","Giá thuê xe ga Hà Nội theo ngày: nên so sánh những gì ngoài giá?","gia-thue-xe-ga-ha-noi-theo-ngay","thue-xe","gia-thoi-gian","/blog/danh-muc/thue-xe/gia-thoi-gian/","/banggia.html","verify-current-business-pricing | verify-current-service-policy","EditorialMatrix:distinct-angle",""
"35","planned","P2","pricing-duration","pricing-guide","giá thuê xe số hà nội theo ngày","","informational-commercial","Giá thuê xe số Hà Nội theo ngày: các yếu tố làm tổng chi phí khác nhau","gia-thue-xe-so-ha-noi-theo-ngay","thue-xe","gia-thoi-gian","/blog/danh-muc/thue-xe/gia-thoi-gian/","/banggia.html","verify-current-business-pricing | verify-current-service-policy","EditorialMatrix:distinct-angle",""
"36","planned","P2","pricing-duration","pricing-guide","giá thuê xe máy 50cc hà nội","","informational-commercial","Giá thuê xe máy 50cc Hà Nội: cách so sánh Cub, xe ga và xe dưới 50cc","gia-thue-xe-may-50cc-ha-noi","thue-xe","gia-thoi-gian","/blog/danh-muc/thue-xe/gia-thoi-gian/","/banggia.html","verify-current-business-pricing | verify-current-service-policy","EditorialMatrix:distinct-angle",""
"37","planned","P1","pricing-duration","pricing-guide","giá thuê xe máy điện hà nội","","informational-commercial","Giá thuê xe máy điện Hà Nội: cần tính thêm gì ngoài tiền thuê?","gia-thue-xe-may-dien-ha-noi","thue-xe","gia-thoi-gian","/blog/danh-muc/thue-xe/gia-thoi-gian/","/banggia.html","verify-current-business-pricing | verify-current-service-policy","KeywordTool:pricing | KeywordTool:electric",""
"38","planned","P2","pricing-duration","pricing-guide","tiền cọc thuê xe máy hà nội","","informational-commercial","Tiền cọc thuê xe máy Hà Nội: nên hỏi gì trước khi chuyển tiền?","tien-coc-thue-xe-may-ha-noi","thue-xe","gia-thoi-gian","/blog/danh-muc/thue-xe/gia-thoi-gian/","/banggia.html","verify-current-business-pricing | verify-current-service-policy","EditorialMatrix:distinct-angle",""
"39","planned","P1","pricing-duration","pricing-guide","thuê xe máy hà nội không cọc","","informational-commercial","Thuê xe máy Hà Nội không cọc: cần đọc kỹ điều kiện nào?","thue-xe-may-ha-noi-khong-coc","thue-xe","gia-thoi-gian","/blog/danh-muc/thue-xe/gia-thoi-gian/","/banggia.html","verify-current-business-pricing | verify-current-service-policy","KeywordTool:core",""
"40","planned","P2","pricing-duration","pricing-guide","phí giao xe thuê xe máy hà nội","","informational-commercial","Phí giao xe khi thuê xe máy Hà Nội: cách hỏi để biết tổng chi phí","phi-giao-xe-thue-xe-may-ha-noi","thue-xe","gia-thoi-gian","/blog/danh-muc/thue-xe/gia-thoi-gian/","/banggia.html","verify-current-business-pricing | verify-current-service-policy","EditorialMatrix:distinct-angle",""
"41","planned","P2","pricing-duration","pricing-guide","phí trả xe muộn thuê xe máy","","informational-commercial","Trả xe muộn khi thuê xe máy: cách tránh phát sinh phí","phi-tra-xe-muon-thue-xe-may","thue-xe","gia-thoi-gian","/blog/danh-muc/thue-xe/gia-thoi-gian/","/banggia.html","verify-current-business-pricing | verify-current-service-policy","EditorialMatrix:distinct-angle",""
"42","planned","P2","pricing-duration","pricing-guide","chi phí xăng khi thuê xe máy hà nội","","informational-commercial","Chi phí xăng khi thuê xe máy Hà Nội: ước tính theo hành trình, không theo cảm tính","chi-phi-xang-khi-thue-xe-may-ha-noi","thue-xe","gia-thoi-gian","/blog/danh-muc/thue-xe/gia-thoi-gian/","/banggia.html","verify-current-business-pricing | verify-current-service-policy","EditorialMatrix:distinct-angle",""
"43","planned","P2","pricing-duration","pricing-guide","chi phí hư hỏng khi thuê xe máy","","informational-commercial","Xe thuê bị trầy hoặc hỏng: chi phí thường được xác định như thế nào?","chi-phi-hu-hong-khi-thue-xe-may","thue-xe","gia-thoi-gian","/blog/danh-muc/thue-xe/gia-thoi-gian/","/banggia.html","verify-current-business-pricing | verify-current-service-policy","EditorialMatrix:distinct-angle",""
"44","planned","P2","pricing-duration","pricing-guide","thuê xe máy hà nội mùa cao điểm","","informational-commercial","Thuê xe máy Hà Nội mùa cao điểm: cách kiểm tra giá và tình trạng xe trước khi chốt","thue-xe-may-ha-noi-mua-cao-diem","thue-xe","gia-thoi-gian","/blog/danh-muc/thue-xe/gia-thoi-gian/","/banggia.html","verify-current-business-pricing | verify-current-service-policy","EditorialMatrix:distinct-angle",""
"45","planned","P2","pricing-duration","pricing-guide","thuê xe máy hà nội giá rẻ có nên chọn","","informational-commercial","Thuê xe máy Hà Nội giá rẻ: 10 điểm phải kiểm tra trước khi quyết định","thue-xe-may-ha-noi-gia-re-co-nen-chon","thue-xe","gia-thoi-gian","/blog/danh-muc/thue-xe/gia-thoi-gian/","/banggia.html","verify-current-business-pricing | verify-current-service-policy","EditorialMatrix:distinct-angle",""
"46","planned","P2","pricing-duration","pricing-guide","so sánh giá thuê xe máy hà nội","","informational-commercial","So sánh giá thuê xe máy Hà Nội: mẫu checklist 8 dòng dễ dùng","so-sanh-gia-thue-xe-may-ha-noi","thue-xe","gia-thoi-gian","/blog/danh-muc/thue-xe/gia-thoi-gian/","/banggia.html","verify-current-business-pricing | verify-current-service-policy","EditorialMatrix:distinct-angle",""
"47","planned","P2","pricing-duration","pricing-guide","chi phí ẩn khi thuê xe máy","","informational-commercial","7 chi phí dễ bị bỏ sót khi thuê xe máy","chi-phi-an-khi-thue-xe-may","thue-xe","gia-thoi-gian","/blog/danh-muc/thue-xe/gia-thoi-gian/","/banggia.html","verify-current-business-pricing | verify-current-service-policy","EditorialMatrix:distinct-angle",""
"48","planned","P2","pricing-duration","pricing-guide","gia hạn thuê xe máy hà nội","","informational-commercial","Gia hạn thuê xe máy Hà Nội: nên hỏi lại giá và mốc thời gian thế nào?","gia-han-thue-xe-may-ha-noi","thue-xe","gia-thoi-gian","/blog/danh-muc/thue-xe/gia-thoi-gian/","/banggia.html","verify-current-business-pricing | verify-current-service-policy","EditorialMatrix:distinct-angle",""
"49","planned","P2","pricing-duration","pricing-guide","trả xe khác điểm hà nội","","informational-commercial","Trả xe khác điểm khi thuê xe máy Hà Nội: cần xác nhận những gì?","tra-xe-khac-diem-ha-noi","thue-xe","gia-thoi-gian","/blog/danh-muc/thue-xe/gia-thoi-gian/","/banggia.html","verify-current-business-pricing | verify-current-service-policy","EditorialMatrix:distinct-angle",""
"50","planned","P2","pricing-duration","pricing-guide","giá thuê xe máy đã bao gồm gì","","informational-commercial","Giá thuê xe máy thường bao gồm gì? Checklist hỏi trước khi đặt","gia-thue-xe-may-da-bao-gom-gi","thue-xe","gia-thoi-gian","/blog/danh-muc/thue-xe/gia-thoi-gian/","/banggia.html","verify-current-business-pricing | verify-current-service-policy","EditorialMatrix:distinct-angle",""
"51","planned","P1","50cc","50cc-guide","thuê xe máy 50cc","","informational-commercial","Thuê xe máy 50cc: ai phù hợp và cần kiểm tra gì trước khi nhận xe?","thue-xe-may-50cc","loai-xe","xe-50cc","/blog/danh-muc/loai-xe/xe-50cc/","/loaixe.html","verify-current-inventory","KeywordTool:thuê xe máy 50cc | UserSeed:2026-10-06",""
"52","planned","P1","50cc","50cc-guide","thuê xe máy 50cc hà nội","","informational-commercial","Thuê xe máy 50cc Hà Nội: hướng dẫn chọn xe theo nhu cầu thực tế","thue-xe-may-50cc-ha-noi","loai-xe","xe-50cc","/blog/danh-muc/loai-xe/xe-50cc/","/loaixe.html","verify-current-inventory","KeywordTool:core | KeywordTool:50cc | KeywordTool:thuê xe máy 50cc",""
"53","planned","P1","50cc","50cc-guide","thuê xe 50cc hà nội","","informational-commercial","Thuê xe 50cc Hà Nội: phân biệt Cub, xe ga và xe máy dưới 50cc","thue-xe-50cc-ha-noi","loai-xe","xe-50cc","/blog/danh-muc/loai-xe/xe-50cc/","/loaixe.html","verify-current-inventory","KeywordTool:thuê xe ga 50cc",""
"54","planned","P1","50cc","50cc-guide","cho thuê xe máy 50cc hà nội","","informational-commercial","Cho thuê xe máy 50cc Hà Nội: 8 câu nên hỏi trước khi đặt","cho-thue-xe-may-50cc-ha-noi","loai-xe","xe-50cc","/blog/danh-muc/loai-xe/xe-50cc/","/loaixe.html","verify-current-inventory","KeywordTool:50cc | KeywordTool:thuê xe máy 50cc",""
"55","planned","P1","50cc","50cc-guide","thuê xe máy dưới 50cc hà nội","","informational-commercial","Thuê xe máy dưới 50cc Hà Nội: cách xác định đúng loại xe","thue-xe-may-duoi-50cc-ha-noi","loai-xe","xe-50cc","/blog/danh-muc/loai-xe/xe-50cc/","/loaixe.html","verify-current-inventory","KeywordTool:50cc | KeywordTool:thuê xe máy 50cc",""
"56","planned","P1","50cc","50cc-guide","thuê xe cub 50cc","","informational-commercial","Thuê xe Cub 50cc: ưu nhược điểm khi đi trong thành phố","thue-xe-cub-50cc","loai-xe","xe-50cc","/blog/danh-muc/loai-xe/xe-50cc/","/loaixe.html","verify-current-inventory","KeywordTool:thuê xe cub 50cc | UserSeed:2026-10-06",""
"57","planned","P2","50cc","50cc-guide","thuê xe cub 50cc hà nội","","informational-commercial","Thuê xe Cub 50cc Hà Nội: phù hợp người mới hay người đi hằng ngày?","thue-xe-cub-50cc-ha-noi","loai-xe","xe-50cc","/blog/danh-muc/loai-xe/xe-50cc/","/loaixe.html","verify-current-inventory","EditorialMatrix:distinct-angle",""
"58","planned","P1","50cc","50cc-guide","cho thuê xe cub hà nội","","informational-commercial","Cho thuê xe Cub Hà Nội: checklist chọn xe trước khi nhận","cho-thue-xe-cub-ha-noi","loai-xe","xe-50cc","/blog/danh-muc/loai-xe/xe-50cc/","/loaixe.html","verify-current-inventory","KeywordTool:thuê xe cub 50cc",""
"59","planned","P1","50cc","50cc-guide","thuê xe ga 50cc","","informational-commercial","Thuê xe ga 50cc: khi nào tiện hơn Cub 50cc?","thue-xe-ga-50cc","loai-xe","xe-50cc","/blog/danh-muc/loai-xe/xe-50cc/","/loaixe.html","verify-current-inventory","KeywordTool:thuê xe ga 50cc | UserSeed:2026-10-06",""
"60","planned","P1","50cc","50cc-guide","thuê xe ga 50cc hà nội","","informational-commercial","Thuê xe ga 50cc Hà Nội: cách chọn xe theo chiều cao và hành trình","thue-xe-ga-50cc-ha-noi","loai-xe","xe-50cc","/blog/danh-muc/loai-xe/xe-50cc/","/loaixe.html","verify-current-inventory","KeywordTool:thuê xe ga 50cc",""
"61","planned","P1","50cc","50cc-guide","thuê xe tay ga 50cc","","informational-commercial","Thuê xe tay ga 50cc: 7 tiêu chí kiểm tra trước khi đi","thue-xe-tay-ga-50cc","loai-xe","xe-50cc","/blog/danh-muc/loai-xe/xe-50cc/","/loaixe.html","verify-current-inventory","KeywordTool:thuê xe ga 50cc",""
"62","planned","P2","50cc","50cc-guide","thuê xe tay ga 50cc hà nội","","informational-commercial","Thuê xe tay ga 50cc Hà Nội: đi phố có thuận tiện không?","thue-xe-tay-ga-50cc-ha-noi","loai-xe","xe-50cc","/blog/danh-muc/loai-xe/xe-50cc/","/loaixe.html","verify-current-inventory","EditorialMatrix:distinct-angle",""
"63","planned","P2","50cc","50cc-guide","xe 50cc có cần bằng lái không","","informational-commercial","Xe 50cc có cần bằng lái không? Cách kiểm tra quy định hiện hành trước khi thuê","xe-50cc-co-can-bang-lai-khong","loai-xe","xe-50cc","/blog/danh-muc/loai-xe/xe-50cc/","/loaixe.html","verify-current-inventory | verify-current-vietnam-law","EditorialMatrix:distinct-angle",""
"64","planned","P2","50cc","50cc-guide","thuê xe 50cc không cần bằng lái","","informational-commercial","Thuê xe 50cc không cần bằng lái: đừng nhầm dung tích xe với điều kiện người lái","thue-xe-50cc-khong-can-bang-lai","loai-xe","xe-50cc","/blog/danh-muc/loai-xe/xe-50cc/","/loaixe.html","verify-current-inventory | verify-current-vietnam-law","EditorialMatrix:distinct-angle",""
"65","planned","P2","50cc","50cc-guide","thuê xe 50cc cho người nước ngoài","","informational-commercial","Thuê xe 50cc cho người nước ngoài: giấy tờ và quy định nào cần kiểm tra?","thue-xe-50cc-cho-nguoi-nuoc-ngoai","loai-xe","xe-50cc","/blog/danh-muc/loai-xe/xe-50cc/","/loaixe.html","verify-current-inventory","EditorialMatrix:distinct-angle",""
"66","planned","P2","50cc","50cc-guide","thuê xe 50cc cho sinh viên","","informational-commercial","Thuê xe 50cc cho sinh viên: chọn theo ngân sách, quãng đường và kinh nghiệm lái","thue-xe-50cc-cho-sinh-vien","loai-xe","xe-50cc","/blog/danh-muc/loai-xe/xe-50cc/","/loaixe.html","verify-current-inventory","EditorialMatrix:distinct-angle",""
"67","planned","P2","50cc","50cc-guide","thuê xe 50cc phố cổ hà nội","","informational-commercial","Thuê xe 50cc ở Phố Cổ Hà Nội: khi nào loại xe nhỏ gọn có lợi?","thue-xe-50cc-pho-co-ha-noi","loai-xe","xe-50cc","/blog/danh-muc/loai-xe/xe-50cc/","/loaixe.html","verify-current-inventory","EditorialMatrix:distinct-angle",""
"68","planned","P2","50cc","50cc-guide","thuê xe 50cc đi nội thành hà nội","","informational-commercial","Thuê xe 50cc đi nội thành Hà Nội: phù hợp hành trình nào?","thue-xe-50cc-di-noi-thanh-ha-noi","loai-xe","xe-50cc","/blog/danh-muc/loai-xe/xe-50cc/","/loaixe.html","verify-current-inventory","EditorialMatrix:distinct-angle",""
"69","planned","P2","50cc","50cc-guide","thuê xe 50cc đi ngoại thành hà nội","","informational-commercial","Thuê xe 50cc đi ngoại thành Hà Nội: cần cân nhắc quãng đường và tải như thế nào?","thue-xe-50cc-di-ngoai-thanh-ha-noi","loai-xe","xe-50cc","/blog/danh-muc/loai-xe/xe-50cc/","/loaixe.html","verify-current-inventory","EditorialMatrix:distinct-angle",""
"70","planned","P2","50cc","50cc-guide","thuê xe 50cc đi đường dài","","informational-commercial","Thuê xe 50cc đi đường dài: 9 yếu tố phải cân nhắc trước khi chọn","thue-xe-50cc-di-duong-dai","loai-xe","xe-50cc","/blog/danh-muc/loai-xe/xe-50cc/","/loaixe.html","verify-current-inventory","EditorialMatrix:distinct-angle",""
"71","planned","P2","50cc","50cc-guide","xe 50cc đi đường dốc","","informational-commercial","Xe 50cc đi đường dốc: cần đánh giá tải, độ dốc và tình trạng xe ra sao?","xe-50cc-di-duong-doc","loai-xe","xe-50cc","/blog/danh-muc/loai-xe/xe-50cc/","/loaixe.html","verify-current-inventory","EditorialMatrix:distinct-angle",""
"72","planned","P2","50cc","50cc-guide","xe 50cc chở 2 người","","informational-commercial","Xe 50cc chở 2 người: cần kiểm tra tải và quy định gì?","xe-50cc-cho-2-nguoi","loai-xe","xe-50cc","/blog/danh-muc/loai-xe/xe-50cc/","/loaixe.html","verify-current-inventory | verify-current-vietnam-law","EditorialMatrix:distinct-angle",""
"73","planned","P1","50cc","50cc-guide","giá thuê xe 50cc","","informational-commercial","Giá thuê xe 50cc: những yếu tố nào làm mức giá khác nhau?","gia-thue-xe-50cc","loai-xe","xe-50cc","/blog/danh-muc/loai-xe/xe-50cc/","/loaixe.html","verify-current-inventory","KeywordTool:thuê xe máy 50cc | KeywordTool:thuê xe ga 50cc",""
"74","planned","P2","50cc","50cc-guide","thuê xe 50cc theo ngày","","informational-commercial","Thuê xe 50cc theo ngày: checklist cho chuyến đi ngắn","thue-xe-50cc-theo-ngay","loai-xe","xe-50cc","/blog/danh-muc/loai-xe/xe-50cc/","/loaixe.html","verify-current-inventory","EditorialMatrix:distinct-angle",""
"75","planned","P2","50cc","50cc-guide","thuê xe 50cc theo tháng","","informational-commercial","Thuê xe 50cc theo tháng: điều cần hỏi về bảo dưỡng và đổi xe","thue-xe-50cc-theo-thang","loai-xe","xe-50cc","/blog/danh-muc/loai-xe/xe-50cc/","/loaixe.html","verify-current-inventory","EditorialMatrix:distinct-angle",""
"76","planned","P2","50cc","50cc-guide","cub 50cc và xe ga 50cc","","informational-commercial","Cub 50cc và xe ga 50cc: loại nào dễ làm quen hơn?","cub-50cc-va-xe-ga-50cc","loai-xe","xe-50cc","/blog/danh-muc/loai-xe/xe-50cc/","/loaixe.html","verify-current-inventory","EditorialMatrix:distinct-angle",""
"77","planned","P2","50cc","50cc-guide","cub 50cc và wave 50cc","","informational-commercial","Cub 50cc và Wave 50cc: khác nhau ở trải nghiệm sử dụng nào?","cub-50cc-va-wave-50cc","loai-xe","xe-50cc","/blog/danh-muc/loai-xe/xe-50cc/","/loaixe.html","verify-current-inventory","EditorialMatrix:distinct-angle",""
"78","planned","P2","50cc","50cc-guide","xe ga 50cc và cub 50cc","","informational-commercial","Xe ga 50cc và Cub 50cc: chọn theo thao tác, cốp và hành trình","xe-ga-50cc-va-cub-50cc","loai-xe","xe-50cc","/blog/danh-muc/loai-xe/xe-50cc/","/loaixe.html","verify-current-inventory","EditorialMatrix:distinct-angle",""
"79","planned","P2","50cc","50cc-guide","xe 50cc có tiết kiệm xăng không","","informational-commercial","Xe 50cc có tiết kiệm xăng không? Cách ước tính chi phí thực tế","xe-50cc-co-tiet-kiem-xang-khong","loai-xe","xe-50cc","/blog/danh-muc/loai-xe/xe-50cc/","/loaixe.html","verify-current-inventory","EditorialMatrix:distinct-angle",""
"80","planned","P2","50cc","50cc-guide","xe 50cc mang hành lý","","informational-commercial","Thuê xe 50cc khi có hành lý: cần kiểm tra chỗ để đồ và tải","xe-50cc-mang-hanh-ly","loai-xe","xe-50cc","/blog/danh-muc/loai-xe/xe-50cc/","/loaixe.html","verify-current-inventory","EditorialMatrix:distinct-angle",""
"81","planned","P2","50cc","50cc-guide","checklist nhận xe 50cc","","informational-commercial","Checklist nhận xe 50cc: 12 điểm kiểm tra trong 10 phút","checklist-nhan-xe-50cc","loai-xe","xe-50cc","/blog/danh-muc/loai-xe/xe-50cc/","/loaixe.html","verify-current-inventory","EditorialMatrix:distinct-angle",""
"82","planned","P2","50cc","50cc-guide","kiểm tra phanh lốp xe 50cc","","informational-commercial","Thuê xe 50cc: cách kiểm tra phanh và lốp trước khi đi","kiem-tra-phanh-lop-xe-50cc","loai-xe","xe-50cc","/blog/danh-muc/loai-xe/xe-50cc/","/loaixe.html","verify-current-inventory","EditorialMatrix:distinct-angle",""
"83","planned","P2","50cc","50cc-guide","thuê xe 50cc mùa mưa","","informational-commercial","Thuê xe 50cc mùa mưa: lốp, phanh và tầm nhìn cần chú ý gì?","thue-xe-50cc-mua-mua","loai-xe","xe-50cc","/blog/danh-muc/loai-xe/xe-50cc/","/loaixe.html","verify-current-inventory","EditorialMatrix:distinct-angle",""
"84","planned","P2","50cc","50cc-guide","thuê xe 50cc ban đêm","","informational-commercial","Thuê xe 50cc ban đêm: kiểm tra đèn và phản quang trước khi đi","thue-xe-50cc-ban-dem","loai-xe","xe-50cc","/blog/danh-muc/loai-xe/xe-50cc/","/loaixe.html","verify-current-inventory","EditorialMatrix:distinct-angle",""
"85","planned","P2","50cc","50cc-guide","thuê xe 50cc cho người mới lái","","informational-commercial","Thuê xe 50cc cho người mới lái: nên ưu tiên tiêu chí nào?","thue-xe-50cc-cho-nguoi-moi-lai","loai-xe","xe-50cc","/blog/danh-muc/loai-xe/xe-50cc/","/loaixe.html","verify-current-inventory","EditorialMatrix:distinct-angle",""
"86","planned","P2","50cc","50cc-guide","xe ga 50cc cho người thấp","","informational-commercial","Xe ga 50cc cho người thấp: cách kiểm tra chiều cao yên và độ nặng","xe-ga-50cc-cho-nguoi-thap","loai-xe","xe-50cc","/blog/danh-muc/loai-xe/xe-50cc/","/loaixe.html","verify-current-inventory","EditorialMatrix:distinct-angle",""
"87","planned","P2","50cc","50cc-guide","thuê xe 50cc gần ga hà nội","","informational-commercial","Thuê xe 50cc gần Ga Hà Nội: nhận xe thế nào để đỡ mang hành lý xa?","thue-xe-50cc-gan-ga-ha-noi","loai-xe","xe-50cc","/blog/danh-muc/loai-xe/xe-50cc/","/loaixe.html","verify-current-inventory","EditorialMatrix:distinct-angle",""
"88","planned","P2","50cc","50cc-guide","thuê xe 50cc gần nội bài","","informational-commercial","Thuê xe 50cc gần Nội Bài: nên nhận xe ở sân bay hay trong thành phố?","thue-xe-50cc-gan-noi-bai","loai-xe","xe-50cc","/blog/danh-muc/loai-xe/xe-50cc/","/loaixe.html","verify-current-inventory","EditorialMatrix:distinct-angle",""
"89","planned","P2","50cc","50cc-guide","thuê xe 50cc hà nội theo tuần","","informational-commercial","Thuê xe 50cc Hà Nội theo tuần: phù hợp ai và cần hỏi gì về bảo dưỡng?","thue-xe-50cc-ha-noi-theo-tuan","loai-xe","xe-50cc","/blog/danh-muc/loai-xe/xe-50cc/","/loaixe.html","verify-current-inventory","EditorialMatrix:distinct-angle",""
"90","planned","P2","50cc","50cc-guide","thuê xe 50cc hà nội giao tận nơi","","informational-commercial","Thuê xe 50cc Hà Nội giao tận nơi: checklist bàn giao tại chỗ","thue-xe-50cc-ha-noi-giao-tan-noi","loai-xe","xe-50cc","/blog/danh-muc/loai-xe/xe-50cc/","/loaixe.html","verify-current-inventory","EditorialMatrix:distinct-angle",""
"91","planned","P1","electric","electric-guide","thuê xe điện","","informational-commercial","Thuê xe điện: phân biệt xe máy điện và ô tô điện trước khi tìm dịch vụ","thue-xe-dien","loai-xe","xe-dien","/blog/danh-muc/loai-xe/xe-dien/","/loaixe.html","verify-current-inventory","KeywordTool:thuê xe điện | UserSeed:2026-10-06",""
"92","planned","P1","electric","electric-guide","thuê xe điện hà nội","","informational-commercial","Thuê xe điện Hà Nội: nên chọn xe máy điện hay dịch vụ ô tô điện?","thue-xe-dien-ha-noi","loai-xe","xe-dien","/blog/danh-muc/loai-xe/xe-dien/","/loaixe.html","verify-current-inventory","KeywordTool:thuê xe điện",""
"93","planned","P1","electric","electric-guide","thuê xe máy điện hà nội","","informational-commercial","Thuê xe máy điện Hà Nội: cách chọn theo quãng đường và điểm sạc","thue-xe-may-dien-ha-noi","loai-xe","xe-dien","/blog/danh-muc/loai-xe/xe-dien/","/loaixe.html","verify-current-inventory","KeywordTool:core | KeywordTool:electric",""
"94","planned","P1","electric","electric-guide","cho thuê xe máy điện hà nội","","informational-commercial","Cho thuê xe máy điện Hà Nội: 9 câu nên hỏi về pin, sạc và bàn giao","cho-thue-xe-may-dien-ha-noi","loai-xe","xe-dien","/blog/danh-muc/loai-xe/xe-dien/","/loaixe.html","verify-current-inventory","KeywordTool:core | KeywordTool:electric",""
"95","planned","P1","electric","electric-guide","thuê xe máy điện vinfast","","informational-commercial","Thuê xe máy điện VinFast: cần xác minh mẫu xe, pin và chính sách gì?","thue-xe-may-dien-vinfast","loai-xe","xe-dien","/blog/danh-muc/loai-xe/xe-dien/","/loaixe.html","verify-current-inventory | verify-current-manufacturer-policy","KeywordTool:thuê xe máy điện vinfast | UserSeed:2026-10-06",""
"96","planned","P1","electric","electric-guide","thuê xe máy điện vinfast hà nội","","informational-commercial","Thuê xe máy điện VinFast Hà Nội: checklist trước khi đặt xe","thue-xe-may-dien-vinfast-ha-noi","loai-xe","xe-dien","/blog/danh-muc/loai-xe/xe-dien/","/loaixe.html","verify-current-inventory | verify-current-manufacturer-policy","KeywordTool:core | KeywordTool:electric | KeywordTool:thuê xe máy điện vinfast",""
"97","planned","P1","electric","electric-guide","thuê xe điện vinfast","","informational-commercial","Thuê xe điện VinFast: phân biệt nhu cầu ô tô điện và xe máy điện","thue-xe-dien-vinfast","loai-xe","xe-dien","/blog/danh-muc/loai-xe/xe-dien/","/loaixe.html","verify-current-inventory | verify-current-manufacturer-policy","KeywordTool:thuê xe điện",""
"98","planned","P1","electric","electric-guide","cho thuê xe máy điện vinfast hà nội","","informational-commercial","Cho thuê xe máy điện VinFast Hà Nội: cách kiểm tra dịch vụ có đúng nhu cầu hay không","cho-thue-xe-may-dien-vinfast-ha-noi","loai-xe","xe-dien","/blog/danh-muc/loai-xe/xe-dien/","/loaixe.html","verify-current-inventory | verify-current-manufacturer-policy","KeywordTool:electric | KeywordTool:thuê xe máy điện vinfast",""
"99","planned","P1","electric","electric-guide","giá thuê xe máy điện vinfast hà nội","","informational-commercial","Giá thuê xe máy điện VinFast Hà Nội: cần tính cả pin, sạc và thời gian thuê","gia-thue-xe-may-dien-vinfast-ha-noi","loai-xe","xe-dien","/blog/danh-muc/loai-xe/xe-dien/","/loaixe.html","verify-current-inventory | verify-current-manufacturer-policy","KeywordTool:pricing | KeywordTool:electric | KeywordTool:thuê xe máy điện vinfast",""
"100","planned","P2","electric","electric-guide","thuê xe máy điện theo ngày hà nội","","informational-commercial","Thuê xe máy điện theo ngày Hà Nội: phù hợp chuyến đi nào?","thue-xe-may-dien-theo-ngay-ha-noi","loai-xe","xe-dien","/blog/danh-muc/loai-xe/xe-dien/","/loaixe.html","verify-current-inventory","EditorialMatrix:distinct-angle",""
"101","planned","P1","electric","electric-guide","thuê xe máy điện theo tháng hà nội","","informational-commercial","Thuê xe máy điện theo tháng Hà Nội: cần hỏi gì về pin và bảo dưỡng?","thue-xe-may-dien-theo-thang-ha-noi","loai-xe","xe-dien","/blog/danh-muc/loai-xe/xe-dien/","/loaixe.html","verify-current-inventory","KeywordTool:monthly | KeywordTool:electric",""
"102","planned","P1","electric","electric-guide","thuê xe máy điện vinfast theo ngày","","informational-commercial","Thuê xe máy điện VinFast theo ngày: checklist trước khi nhận","thue-xe-may-dien-vinfast-theo-ngay","loai-xe","xe-dien","/blog/danh-muc/loai-xe/xe-dien/","/loaixe.html","verify-current-inventory | verify-current-manufacturer-policy","KeywordTool:thuê xe máy điện vinfast",""
"103","planned","P1","electric","electric-guide","thuê xe máy điện vinfast theo tháng","","informational-commercial","Thuê xe máy điện VinFast theo tháng: 8 điều cần xác minh trước khi thuê dài hạn","thue-xe-may-dien-vinfast-theo-thang","loai-xe","xe-dien","/blog/danh-muc/loai-xe/xe-dien/","/loaixe.html","verify-current-inventory | verify-current-manufacturer-policy","KeywordTool:thuê xe máy điện vinfast",""
"104","planned","P1","electric","electric-guide","thuê xe máy điện tự lái hà nội","","informational-commercial","Thuê xe máy điện tự lái Hà Nội: giấy tờ và thao tác bàn giao","thue-xe-may-dien-tu-lai-ha-noi","loai-xe","xe-dien","/blog/danh-muc/loai-xe/xe-dien/","/loaixe.html","verify-current-inventory","KeywordTool:core | KeywordTool:electric",""
"105","planned","P1","electric","electric-guide","thuê xe máy điện vinfast tự lái hà nội","","informational-commercial","Thuê xe máy điện VinFast tự lái Hà Nội: cách đánh giá pin và phạm vi sử dụng","thue-xe-may-dien-vinfast-tu-lai-ha-noi","loai-xe","xe-dien","/blog/danh-muc/loai-xe/xe-dien/","/loaixe.html","verify-current-inventory | verify-current-manufacturer-policy","KeywordTool:core | KeywordTool:electric | KeywordTool:thuê xe máy điện vinfast",""
"106","planned","P1","electric","electric-guide","thuê xe điện không bằng lái","","informational-commercial","Thuê xe điện không bằng lái: cần phân biệt loại xe và quy định người lái","thue-xe-dien-khong-bang-lai","loai-xe","xe-dien","/blog/danh-muc/loai-xe/xe-dien/","/loaixe.html","verify-current-inventory | verify-current-vietnam-law","KeywordTool:thuê xe điện không bằng lái | UserSeed:2026-10-06",""
"107","planned","P1","electric","electric-guide","thuê xe điện không cần bằng lái","","informational-commercial","Thuê xe điện không cần bằng lái: cụm từ này dễ gây hiểu nhầm ở điểm nào?","thue-xe-dien-khong-can-bang-lai","loai-xe","xe-dien","/blog/danh-muc/loai-xe/xe-dien/","/loaixe.html","verify-current-inventory | verify-current-vietnam-law","KeywordTool:thuê xe điện | KeywordTool:thuê xe điện không bằng lái",""
"108","planned","P1","electric","electric-guide","thuê xe máy điện không cần bằng lái","","informational-commercial","Thuê xe máy điện không cần bằng lái: kiểm tra công suất, tốc độ và luật hiện hành","thue-xe-may-dien-khong-can-bang-lai","loai-xe","xe-dien","/blog/danh-muc/loai-xe/xe-dien/","/loaixe.html","verify-current-inventory | verify-current-vietnam-law","KeywordTool:thuê xe điện không bằng lái",""
"109","planned","P1","electric","electric-guide","thuê xe máy điện có cần bằng lái không","","informational-commercial","Thuê xe máy điện có cần bằng lái không? Cách xác định theo loại xe","thue-xe-may-dien-co-can-bang-lai-khong","loai-xe","xe-dien","/blog/danh-muc/loai-xe/xe-dien/","/loaixe.html","verify-current-inventory | verify-current-vietnam-law","KeywordTool:thuê xe điện không bằng lái",""
"110","planned","P2","electric","electric-guide","xe điện có cần bằng lái không","","informational-commercial","Xe điện có cần bằng lái không? Phân biệt xe máy điện, xe đạp điện và ô tô điện","xe-dien-co-can-bang-lai-khong","loai-xe","xe-dien","/blog/danh-muc/loai-xe/xe-dien/","/loaixe.html","verify-current-inventory | verify-current-vietnam-law","EditorialMatrix:distinct-angle",""
"111","planned","P2","electric","electric-guide","thuê xe máy điện cho người nước ngoài","","informational-commercial","Thuê xe máy điện cho người nước ngoài: giấy tờ và quy định cần kiểm tra","thue-xe-may-dien-cho-nguoi-nuoc-ngoai","loai-xe","xe-dien","/blog/danh-muc/loai-xe/xe-dien/","/loaixe.html","verify-current-inventory","EditorialMatrix:distinct-angle",""
"112","planned","P2","electric","electric-guide","thuê xe máy điện cho sinh viên","","informational-commercial","Thuê xe máy điện cho sinh viên: chọn theo quãng đường, sạc và ngân sách","thue-xe-may-dien-cho-sinh-vien","loai-xe","xe-dien","/blog/danh-muc/loai-xe/xe-dien/","/loaixe.html","verify-current-inventory","EditorialMatrix:distinct-angle",""
"113","planned","P2","electric","electric-guide","thuê xe máy điện cho khách du lịch","","informational-commercial","Thuê xe máy điện cho khách du lịch: khi nào tiện hơn xe xăng?","thue-xe-may-dien-cho-khach-du-lich","loai-xe","xe-dien","/blog/danh-muc/loai-xe/xe-dien/","/loaixe.html","verify-current-inventory","EditorialMatrix:distinct-angle",""
"114","planned","P2","electric","electric-guide","thuê xe máy điện phố cổ hà nội","","informational-commercial","Thuê xe máy điện ở Phố Cổ Hà Nội: ưu nhược điểm cho hành trình ngắn","thue-xe-may-dien-pho-co-ha-noi","loai-xe","xe-dien","/blog/danh-muc/loai-xe/xe-dien/","/loaixe.html","verify-current-inventory","EditorialMatrix:distinct-angle",""
"115","planned","P2","electric","electric-guide","thuê xe máy điện hoàn kiếm","","informational-commercial","Thuê xe máy điện Hoàn Kiếm: cách lên kế hoạch sạc cho một ngày đi phố","thue-xe-may-dien-hoan-kiem","loai-xe","xe-dien","/blog/danh-muc/loai-xe/xe-dien/","/loaixe.html","verify-current-inventory","EditorialMatrix:distinct-angle",""
"116","planned","P2","electric","electric-guide","thuê xe máy điện cầu giấy","","informational-commercial","Thuê xe máy điện Cầu Giấy: chọn điểm nhận và kế hoạch sạc thế nào?","thue-xe-may-dien-cau-giay","loai-xe","xe-dien","/blog/danh-muc/loai-xe/xe-dien/","/loaixe.html","verify-current-inventory","EditorialMatrix:distinct-angle",""
"117","planned","P2","electric","electric-guide","thuê xe máy điện mỹ đình","","informational-commercial","Thuê xe máy điện Mỹ Đình: nhận xe gần bến và mang hành lý cần lưu ý gì?","thue-xe-may-dien-my-dinh","loai-xe","xe-dien","/blog/danh-muc/loai-xe/xe-dien/","/loaixe.html","verify-current-inventory","EditorialMatrix:distinct-angle",""
"118","planned","P2","electric","electric-guide","thuê xe máy điện tây hồ","","informational-commercial","Thuê xe máy điện Tây Hồ: phù hợp hành trình ngắn quanh khu vực nào?","thue-xe-may-dien-tay-ho","loai-xe","xe-dien","/blog/danh-muc/loai-xe/xe-dien/","/loaixe.html","verify-current-inventory","EditorialMatrix:distinct-angle",""
"119","planned","P2","electric","electric-guide","thuê xe máy điện gần nội bài","","informational-commercial","Thuê xe máy điện gần Nội Bài: cần cân nhắc quãng đường và mức pin ra sao?","thue-xe-may-dien-gan-noi-bai","loai-xe","xe-dien","/blog/danh-muc/loai-xe/xe-dien/","/loaixe.html","verify-current-inventory","EditorialMatrix:distinct-angle",""
"120","planned","P2","electric","electric-guide","thuê xe máy điện gần ga hà nội","","informational-commercial","Thuê xe máy điện gần Ga Hà Nội: cách nhận xe và xử lý hành lý","thue-xe-may-dien-gan-ga-ha-noi","loai-xe","xe-dien","/blog/danh-muc/loai-xe/xe-dien/","/loaixe.html","verify-current-inventory","EditorialMatrix:distinct-angle",""
"121","planned","P2","electric","electric-guide","sạc xe máy điện khi thuê","","informational-commercial","Thuê xe máy điện: cách hỏi về sạc, bộ sạc và nơi sạc trước khi nhận","sac-xe-may-dien-khi-thue","loai-xe","xe-dien","/blog/danh-muc/loai-xe/xe-dien/","/loaixe.html","verify-current-inventory","EditorialMatrix:distinct-angle",""
"122","planned","P2","electric","electric-guide","thời gian sạc xe máy điện thuê","","informational-commercial","Xe máy điện thuê sạc bao lâu? Vì sao phải kiểm tra theo đúng model và pin","thoi-gian-sac-xe-may-dien-thue","loai-xe","xe-dien","/blog/danh-muc/loai-xe/xe-dien/","/loaixe.html","verify-current-inventory","EditorialMatrix:distinct-angle",""
"123","planned","P2","electric","electric-guide","quãng đường xe máy điện khi thuê","","informational-commercial","Xe máy điện thuê đi được bao xa? Cách ước tính phạm vi thực tế","quang-duong-xe-may-dien-khi-thue","loai-xe","xe-dien","/blog/danh-muc/loai-xe/xe-dien/","/loaixe.html","verify-current-inventory","EditorialMatrix:distinct-angle",""
"124","planned","P1","electric","electric-guide","thuê pin xe máy điện vinfast","","informational-commercial","Thuê pin xe máy điện VinFast: cần kiểm tra chính sách hiện hành trước khi thuê xe","thue-pin-xe-may-dien-vinfast","loai-xe","xe-dien","/blog/danh-muc/loai-xe/xe-dien/","/loaixe.html","verify-current-inventory | verify-current-manufacturer-policy","KeywordTool:thuê xe máy điện vinfast",""
"125","planned","P2","electric","electric-guide","thuê pin hay mua pin xe máy điện vinfast","","informational-commercial","Thuê pin hay mua pin xe máy điện VinFast: khác gì với thuê cả chiếc xe?","thue-pin-hay-mua-pin-xe-may-dien-vinfast","loai-xe","xe-dien","/blog/danh-muc/loai-xe/xe-dien/","/loaixe.html","verify-current-inventory | verify-current-manufacturer-policy","EditorialMatrix:distinct-angle",""
"126","planned","P2","electric","electric-guide","xe máy điện và xe máy xăng khi thuê","","informational-commercial","Thuê xe máy điện hay xe máy xăng ở Hà Nội: chọn theo hành trình","xe-may-dien-va-xe-may-xang-khi-thue","loai-xe","xe-dien","/blog/danh-muc/loai-xe/xe-dien/","/loaixe.html","verify-current-inventory","EditorialMatrix:distinct-angle",""
"127","planned","P2","electric","electric-guide","xe máy điện và xe 50cc khi thuê","","informational-commercial","Xe máy điện hay xe 50cc: lựa chọn nào phù hợp người cần xe nhẹ?","xe-may-dien-va-xe-50cc-khi-thue","loai-xe","xe-dien","/blog/danh-muc/loai-xe/xe-dien/","/loaixe.html","verify-current-inventory","EditorialMatrix:distinct-angle",""
"128","planned","P2","electric","electric-guide","xe máy điện và xe ga khi thuê","","informational-commercial","Xe máy điện hay xe ga: so sánh thao tác, sạc và chỗ để đồ","xe-may-dien-va-xe-ga-khi-thue","loai-xe","xe-dien","/blog/danh-muc/loai-xe/xe-dien/","/loaixe.html","verify-current-inventory","EditorialMatrix:distinct-angle",""
"129","planned","P2","electric","electric-guide","thuê xe máy điện đi quãng ngắn","","informational-commercial","Thuê xe máy điện đi quãng ngắn: khi nào là lựa chọn hợp lý?","thue-xe-may-dien-di-quang-ngan","loai-xe","xe-dien","/blog/danh-muc/loai-xe/xe-dien/","/loaixe.html","verify-current-inventory","EditorialMatrix:distinct-angle",""
"130","planned","P2","electric","electric-guide","thuê xe máy điện đi đường dài","","informational-commercial","Thuê xe máy điện đi đường dài: cách lập kế hoạch pin và điểm dừng","thue-xe-may-dien-di-duong-dai","loai-xe","xe-dien","/blog/danh-muc/loai-xe/xe-dien/","/loaixe.html","verify-current-inventory","EditorialMatrix:distinct-angle",""
"131","planned","P2","electric","electric-guide","thuê xe máy điện mùa mưa","","informational-commercial","Thuê xe máy điện mùa mưa: 8 điểm cần kiểm tra trước khi đi","thue-xe-may-dien-mua-mua","loai-xe","xe-dien","/blog/danh-muc/loai-xe/xe-dien/","/loaixe.html","verify-current-inventory","EditorialMatrix:distinct-angle",""
"132","planned","P2","electric","electric-guide","xe máy điện chở 2 người khi thuê","","informational-commercial","Thuê xe máy điện chở 2 người: cần xem tải và phạm vi pin thế nào?","xe-may-dien-cho-2-nguoi-khi-thue","loai-xe","xe-dien","/blog/danh-muc/loai-xe/xe-dien/","/loaixe.html","verify-current-inventory","EditorialMatrix:distinct-angle",""
"133","planned","P2","electric","electric-guide","checklist nhận xe máy điện","","informational-commercial","Checklist nhận xe máy điện: pin, sạc, phanh, lốp và giấy tờ","checklist-nhan-xe-may-dien","loai-xe","xe-dien","/blog/danh-muc/loai-xe/xe-dien/","/loaixe.html","verify-current-inventory","EditorialMatrix:distinct-angle",""
"134","planned","P1","electric","electric-guide","app thuê xe máy điện","","informational-commercial","App thuê xe máy điện hay thuê trực tiếp: khác nhau ở quy trình nào?","app-thue-xe-may-dien","loai-xe","xe-dien","/blog/danh-muc/loai-xe/xe-dien/","/loaixe.html","verify-current-inventory","KeywordTool:thuê xe máy 50cc | KeywordTool:thuê xe điện không bằng lái",""
"135","planned","P2","electric","electric-guide","thuê xe điện công cộng và thuê xe máy điện cửa hàng","","informational-commercial","Thuê xe điện công cộng hay thuê xe máy điện tại cửa hàng: nên chọn cách nào?","thue-xe-dien-cong-cong-va-thue-xe-may-dien-cua-hang","loai-xe","xe-dien","/blog/danh-muc/loai-xe/xe-dien/","/loaixe.html","verify-current-inventory","EditorialMatrix:distinct-angle",""
"136","planned","P2","bike-types","vehicle-guide","thuê xe ga hà nội","","informational-commercial","Thuê xe ga Hà Nội: ai phù hợp và nên kiểm tra gì trước khi nhận?","thue-xe-ga-ha-noi","loai-xe","cac-loai-xe","/blog/danh-muc/loai-xe/cac-loai-xe/","/loaixe.html","verify-current-inventory","EditorialMatrix:distinct-angle",""
"137","planned","P2","bike-types","vehicle-guide","thuê xe số hà nội","","informational-commercial","Thuê xe số Hà Nội: khi nào nên chọn thay vì xe ga?","thue-xe-so-ha-noi","loai-xe","cac-loai-xe","/blog/danh-muc/loai-xe/cac-loai-xe/","/loaixe.html","verify-current-inventory","EditorialMatrix:distinct-angle",""
"138","planned","P2","bike-types","vehicle-guide","thuê xe côn hà nội","","informational-commercial","Thuê xe côn Hà Nội: chỉ nên chọn khi đã quen thao tác nào?","thue-xe-con-ha-noi","loai-xe","cac-loai-xe","/blog/danh-muc/loai-xe/cac-loai-xe/","/loaixe.html","verify-current-inventory","EditorialMatrix:distinct-angle",""
"139","planned","P2","bike-types","vehicle-guide","thuê xe vision hà nội","","informational-commercial","Thuê xe Vision Hà Nội: 7 tiêu chí kiểm tra trước khi đặt","thue-xe-vision-ha-noi","loai-xe","cac-loai-xe","/blog/danh-muc/loai-xe/cac-loai-xe/","/loaixe.html","verify-current-inventory","EditorialMatrix:distinct-angle",""
"140","planned","P2","bike-types","vehicle-guide","thuê xe wave hà nội","","informational-commercial","Thuê xe Wave Hà Nội: phù hợp hành trình nào?","thue-xe-wave-ha-noi","loai-xe","cac-loai-xe","/blog/danh-muc/loai-xe/cac-loai-xe/","/loaixe.html","verify-current-inventory","EditorialMatrix:distinct-angle",""
"141","planned","P2","bike-types","vehicle-guide","thuê xe air blade hà nội","","informational-commercial","Thuê xe Air Blade Hà Nội: nên chọn khi cần gì ở một chiếc xe ga?","thue-xe-air-blade-ha-noi","loai-xe","cac-loai-xe","/blog/danh-muc/loai-xe/cac-loai-xe/","/loaixe.html","verify-current-inventory","EditorialMatrix:distinct-angle",""
"142","planned","P2","bike-types","vehicle-guide","thuê xe lead hà nội","","informational-commercial","Thuê xe Lead Hà Nội: ưu tiên cốp và tiện dụng có phù hợp bạn không?","thue-xe-lead-ha-noi","loai-xe","cac-loai-xe","/blog/danh-muc/loai-xe/cac-loai-xe/","/loaixe.html","verify-current-inventory","EditorialMatrix:distinct-angle",""
"143","planned","P2","bike-types","vehicle-guide","thuê xe sh hà nội","","informational-commercial","Thuê xe SH Hà Nội: cần cân nhắc trọng lượng, chi phí và kinh nghiệm lái","thue-xe-sh-ha-noi","loai-xe","cac-loai-xe","/blog/danh-muc/loai-xe/cac-loai-xe/","/loaixe.html","verify-current-inventory","EditorialMatrix:distinct-angle",""
"144","planned","P2","bike-types","vehicle-guide","thuê xe vespa hà nội","","informational-commercial","Thuê xe Vespa Hà Nội: nên kiểm tra gì về thao tác và tình trạng xe?","thue-xe-vespa-ha-noi","loai-xe","cac-loai-xe","/blog/danh-muc/loai-xe/cac-loai-xe/","/loaixe.html","verify-current-inventory","EditorialMatrix:distinct-angle",""
"145","planned","P2","bike-types","vehicle-guide","thuê xe exciter hà nội","","informational-commercial","Thuê xe Exciter Hà Nội: phù hợp người đã quen xe côn tay như thế nào?","thue-xe-exciter-ha-noi","loai-xe","cac-loai-xe","/blog/danh-muc/loai-xe/cac-loai-xe/","/loaixe.html","verify-current-inventory","EditorialMatrix:distinct-angle",""
"146","planned","P2","bike-types","vehicle-guide","thuê xe winner hà nội","","informational-commercial","Thuê xe Winner Hà Nội: checklist cho người đã quen xe côn tay","thue-xe-winner-ha-noi","loai-xe","cac-loai-xe","/blog/danh-muc/loai-xe/cac-loai-xe/","/loaixe.html","verify-current-inventory","EditorialMatrix:distinct-angle",""
"147","planned","P2","bike-types","vehicle-guide","thuê xe sirius hà nội","","informational-commercial","Thuê xe Sirius Hà Nội: khi nào xe số gọn nhẹ là lựa chọn hợp lý?","thue-xe-sirius-ha-noi","loai-xe","cac-loai-xe","/blog/danh-muc/loai-xe/cac-loai-xe/","/loaixe.html","verify-current-inventory","EditorialMatrix:distinct-angle",""
"148","planned","P2","bike-types","vehicle-guide","thuê xe future hà nội","","informational-commercial","Thuê xe Future Hà Nội: chọn theo quãng đường và hành lý thế nào?","thue-xe-future-ha-noi","loai-xe","cac-loai-xe","/blog/danh-muc/loai-xe/cac-loai-xe/","/loaixe.html","verify-current-inventory","EditorialMatrix:distinct-angle",""
"149","planned","P2","bike-types","vehicle-guide","thuê xe cub hà nội","","informational-commercial","Thuê xe Cub Hà Nội: chọn Cub phổ thông hay Cub 50cc?","thue-xe-cub-ha-noi","loai-xe","cac-loai-xe","/blog/danh-muc/loai-xe/cac-loai-xe/","/loaixe.html","verify-current-inventory","EditorialMatrix:distinct-angle",""
"150","planned","P2","bike-types","vehicle-guide","thuê xe máy cho người thấp hà nội","","informational-commercial","Thuê xe máy cho người thấp: cách kiểm tra chiều cao yên trước khi nhận","thue-xe-may-cho-nguoi-thap-ha-noi","loai-xe","cac-loai-xe","/blog/danh-muc/loai-xe/cac-loai-xe/","/loaixe.html","verify-current-inventory","EditorialMatrix:distinct-angle",""
"151","planned","P2","bike-types","vehicle-guide","thuê xe máy yên thấp hà nội","","informational-commercial","Thuê xe máy yên thấp Hà Nội: đừng chỉ nhìn thông số chiều cao yên","thue-xe-may-yen-thap-ha-noi","loai-xe","cac-loai-xe","/blog/danh-muc/loai-xe/cac-loai-xe/","/loaixe.html","verify-current-inventory","EditorialMatrix:distinct-angle",""
"152","planned","P2","bike-types","vehicle-guide","thuê xe máy cốp rộng hà nội","","informational-commercial","Thuê xe máy cốp rộng Hà Nội: chọn theo hành lý và cách sử dụng","thue-xe-may-cop-rong-ha-noi","loai-xe","cac-loai-xe","/blog/danh-muc/loai-xe/cac-loai-xe/","/loaixe.html","verify-current-inventory","EditorialMatrix:distinct-angle",""
"153","planned","P2","bike-types","vehicle-guide","thuê xe máy tiết kiệm xăng hà nội","","informational-commercial","Thuê xe máy tiết kiệm xăng Hà Nội: cách so sánh mà không dựa vào quảng cáo","thue-xe-may-tiet-kiem-xang-ha-noi","loai-xe","cac-loai-xe","/blog/danh-muc/loai-xe/cac-loai-xe/","/loaixe.html","verify-current-inventory","EditorialMatrix:distinct-angle",""
"154","planned","P2","bike-types","vehicle-guide","thuê xe máy cho 2 người hà nội","","informational-commercial","Thuê xe máy cho 2 người Hà Nội: chọn theo tải, yên và hành lý","thue-xe-may-cho-2-nguoi-ha-noi","loai-xe","cac-loai-xe","/blog/danh-muc/loai-xe/cac-loai-xe/","/loaixe.html","verify-current-inventory","EditorialMatrix:distinct-angle",""
"155","planned","P2","bike-types","vehicle-guide","thuê xe máy đi một mình hà nội","","informational-commercial","Thuê xe máy đi một mình Hà Nội: xe nhẹ hay xe cốp lớn tiện hơn?","thue-xe-may-di-mot-minh-ha-noi","loai-xe","cac-loai-xe","/blog/danh-muc/loai-xe/cac-loai-xe/","/loaixe.html","verify-current-inventory","EditorialMatrix:distinct-angle",""
"156","planned","P2","bike-types","vehicle-guide","thuê xe máy đi phố đông hà nội","","informational-commercial","Thuê xe máy đi phố đông Hà Nội: ưu tiên độ gọn và khả năng quay đầu thế nào?","thue-xe-may-di-pho-dong-ha-noi","loai-xe","cac-loai-xe","/blog/danh-muc/loai-xe/cac-loai-xe/","/loaixe.html","verify-current-inventory","EditorialMatrix:distinct-angle",""
"157","planned","P2","bike-types","vehicle-guide","thuê xe máy đi đường dài từ hà nội","","informational-commercial","Thuê xe máy đi đường dài từ Hà Nội: chọn loại xe theo tư thế và quãng đường","thue-xe-may-di-duong-dai-tu-ha-noi","loai-xe","cac-loai-xe","/blog/danh-muc/loai-xe/cac-loai-xe/","/loaixe.html","verify-current-inventory","EditorialMatrix:distinct-angle",""
"158","planned","P2","bike-types","vehicle-guide","thuê xe máy mùa mưa loại nào","","informational-commercial","Mùa mưa nên thuê loại xe máy nào? Tiêu chí lốp, phanh và chắn bùn","thue-xe-may-mua-mua-loai-nao","loai-xe","cac-loai-xe","/blog/danh-muc/loai-xe/cac-loai-xe/","/loaixe.html","verify-current-inventory","EditorialMatrix:distinct-angle",""
"159","planned","P2","bike-types","vehicle-guide","thuê xe máy cho người mới lái hà nội","","informational-commercial","Người mới lái nên thuê loại xe máy nào ở Hà Nội?","thue-xe-may-cho-nguoi-moi-lai-ha-noi","loai-xe","cac-loai-xe","/blog/danh-muc/loai-xe/cac-loai-xe/","/loaixe.html","verify-current-inventory","EditorialMatrix:distinct-angle",""
"160","planned","P2","bike-types","vehicle-guide","xe ga và xe số khi thuê","","informational-commercial","Thuê xe ga hay xe số: khác nhau ở thao tác và tình huống sử dụng","xe-ga-va-xe-so-khi-thue","loai-xe","cac-loai-xe","/blog/danh-muc/loai-xe/cac-loai-xe/","/loaixe.html","verify-current-inventory","EditorialMatrix:distinct-angle",""
"161","planned","P2","bike-types","vehicle-guide","xe vision và lead khi thuê","","informational-commercial","Thuê Vision hay Lead: chọn theo độ gọn, cốp và chiều cao người lái","xe-vision-va-lead-khi-thue","loai-xe","cac-loai-xe","/blog/danh-muc/loai-xe/cac-loai-xe/","/loaixe.html","verify-current-inventory","EditorialMatrix:distinct-angle",""
"162","planned","P2","bike-types","vehicle-guide","xe wave và sirius khi thuê","","informational-commercial","Thuê Wave hay Sirius: cách chọn xe số theo trải nghiệm lái","xe-wave-va-sirius-khi-thue","loai-xe","cac-loai-xe","/blog/danh-muc/loai-xe/cac-loai-xe/","/loaixe.html","verify-current-inventory","EditorialMatrix:distinct-angle",""
"163","planned","P2","bike-types","vehicle-guide","air blade và vision khi thuê","","informational-commercial","Thuê Air Blade hay Vision: khác nhau ở cảm giác điều khiển nào?","air-blade-va-vision-khi-thue","loai-xe","cac-loai-xe","/blog/danh-muc/loai-xe/cac-loai-xe/","/loaixe.html","verify-current-inventory","EditorialMatrix:distinct-angle",""
"164","planned","P2","bike-types","vehicle-guide","sh và air blade khi thuê","","informational-commercial","Thuê SH hay Air Blade: khi nào trọng lượng và kích thước quan trọng?","sh-va-air-blade-khi-thue","loai-xe","cac-loai-xe","/blog/danh-muc/loai-xe/cac-loai-xe/","/loaixe.html","verify-current-inventory","EditorialMatrix:distinct-angle",""
"165","planned","P2","bike-types","vehicle-guide","cub và wave khi thuê","","informational-commercial","Thuê Cub hay Wave: lựa chọn nào hợp đi phố ngắn?","cub-va-wave-khi-thue","loai-xe","cac-loai-xe","/blog/danh-muc/loai-xe/cac-loai-xe/","/loaixe.html","verify-current-inventory","EditorialMatrix:distinct-angle",""
"166","planned","P2","bike-types","vehicle-guide","xe máy điện và xe ga xăng","","informational-commercial","Xe máy điện hay xe ga xăng: quyết định theo sạc, quãng đường và thao tác","xe-may-dien-va-xe-ga-xang","loai-xe","cac-loai-xe","/blog/danh-muc/loai-xe/cac-loai-xe/","/loaixe.html","verify-current-inventory","EditorialMatrix:distinct-angle",""
"167","planned","P2","bike-types","vehicle-guide","thuê xe máy bao nhiêu cc phù hợp","","informational-commercial","Thuê xe máy bao nhiêu cc là phù hợp? Chọn theo kinh nghiệm và hành trình","thue-xe-may-bao-nhieu-cc-phu-hop","loai-xe","cac-loai-xe","/blog/danh-muc/loai-xe/cac-loai-xe/","/loaixe.html","verify-current-inventory","EditorialMatrix:distinct-angle",""
"168","planned","P2","bike-types","vehicle-guide","chọn chiều cao yên xe thuê","","informational-commercial","Cách chọn chiều cao yên khi thuê xe máy: thử xe thế nào trong 2 phút","chon-chieu-cao-yen-xe-thue","loai-xe","cac-loai-xe","/blog/danh-muc/loai-xe/cac-loai-xe/","/loaixe.html","verify-current-inventory","EditorialMatrix:distinct-angle",""
"169","planned","P2","bike-types","vehicle-guide","chọn trọng lượng xe thuê","","informational-commercial","Cách chọn trọng lượng xe khi thuê: dắt, quay đầu và dựng chống thử ra sao","chon-trong-luong-xe-thue","loai-xe","cac-loai-xe","/blog/danh-muc/loai-xe/cac-loai-xe/","/loaixe.html","verify-current-inventory","EditorialMatrix:distinct-angle",""
"170","planned","P2","bike-types","vehicle-guide","chọn cốp xe máy thuê","","informational-commercial","Thuê xe máy cần cốp lớn đến đâu? Chọn theo loại hành lý","chon-cop-xe-may-thue","loai-xe","cac-loai-xe","/blog/danh-muc/loai-xe/cac-loai-xe/","/loaixe.html","verify-current-inventory","EditorialMatrix:distinct-angle",""
"171","planned","P0","local","local-guide","thuê xe máy hoàn kiếm hà nội","","informational-commercial","Thuê xe máy Hoàn Kiếm: cách chọn điểm nhận xe phù hợp hành trình","thue-xe-may-hoan-kiem-ha-noi","khu-vuc","ha-noi-theo-khu-vuc","/blog/danh-muc/khu-vuc/ha-noi-theo-khu-vuc/","/","verify-current-delivery-area","GSC | KeywordTool:core | EditorialMatrix:local-useful-angle",""
"172","planned","P2","local","pickup-logistics","giao nhận xe máy thuê hoàn kiếm hà nội","","informational-commercial","Giao nhận xe máy thuê ở Hoàn Kiếm: nên nhận tại khách sạn, điểm hẹn hay cửa hàng?","giao-nhan-xe-may-thue-hoan-kiem-ha-noi","khu-vuc","ha-noi-theo-khu-vuc","/blog/danh-muc/khu-vuc/ha-noi-theo-khu-vuc/","/lienhe.html","verify-current-delivery-area | verify-current-service-policy","EditorialMatrix:local-logistics-angle",""
"173","planned","P1","local","local-guide","thuê xe máy phố cổ hà nội","","informational-commercial","Thuê xe máy Phố Cổ: cách chọn điểm nhận xe phù hợp hành trình","thue-xe-may-pho-co-ha-noi","khu-vuc","ha-noi-theo-khu-vuc","/blog/danh-muc/khu-vuc/ha-noi-theo-khu-vuc/","/","verify-current-delivery-area","KeywordTool:core | EditorialMatrix:local-useful-angle",""
"174","planned","P2","local","pickup-logistics","giao nhận xe máy thuê phố cổ hà nội","","informational-commercial","Giao nhận xe máy thuê ở Phố Cổ: nên nhận tại khách sạn, điểm hẹn hay cửa hàng?","giao-nhan-xe-may-thue-pho-co-ha-noi","khu-vuc","ha-noi-theo-khu-vuc","/blog/danh-muc/khu-vuc/ha-noi-theo-khu-vuc/","/lienhe.html","verify-current-delivery-area | verify-current-service-policy","EditorialMatrix:local-logistics-angle",""
"175","planned","P1","local","local-guide","thuê xe máy cầu giấy hà nội","","informational-commercial","Thuê xe máy Cầu Giấy: cách chọn điểm nhận xe phù hợp hành trình","thue-xe-may-cau-giay-ha-noi","khu-vuc","ha-noi-theo-khu-vuc","/blog/danh-muc/khu-vuc/ha-noi-theo-khu-vuc/","/","verify-current-delivery-area","KeywordTool:core | EditorialMatrix:local-useful-angle",""
"176","planned","P2","local","pickup-logistics","giao nhận xe máy thuê cầu giấy hà nội","","informational-commercial","Giao nhận xe máy thuê ở Cầu Giấy: nên nhận tại khách sạn, điểm hẹn hay cửa hàng?","giao-nhan-xe-may-thue-cau-giay-ha-noi","khu-vuc","ha-noi-theo-khu-vuc","/blog/danh-muc/khu-vuc/ha-noi-theo-khu-vuc/","/lienhe.html","verify-current-delivery-area | verify-current-service-policy","EditorialMatrix:local-logistics-angle",""
"177","planned","P1","local","local-guide","thuê xe máy ba đình hà nội","","informational-commercial","Thuê xe máy Ba Đình: cách chọn điểm nhận xe phù hợp hành trình","thue-xe-may-ba-dinh-ha-noi","khu-vuc","ha-noi-theo-khu-vuc","/blog/danh-muc/khu-vuc/ha-noi-theo-khu-vuc/","/","verify-current-delivery-area","KeywordTool:core | EditorialMatrix:local-useful-angle",""
"178","planned","P2","local","pickup-logistics","giao nhận xe máy thuê ba đình hà nội","","informational-commercial","Giao nhận xe máy thuê ở Ba Đình: nên nhận tại khách sạn, điểm hẹn hay cửa hàng?","giao-nhan-xe-may-thue-ba-dinh-ha-noi","khu-vuc","ha-noi-theo-khu-vuc","/blog/danh-muc/khu-vuc/ha-noi-theo-khu-vuc/","/lienhe.html","verify-current-delivery-area | verify-current-service-policy","EditorialMatrix:local-logistics-angle",""
"179","planned","P2","local","local-guide","thuê xe máy đống đa hà nội","","informational-commercial","Thuê xe máy Đống Đa: cách chọn điểm nhận xe phù hợp hành trình","thue-xe-may-dong-da-ha-noi","khu-vuc","ha-noi-theo-khu-vuc","/blog/danh-muc/khu-vuc/ha-noi-theo-khu-vuc/","/","verify-current-delivery-area","Derived:observed-local-pattern | EditorialMatrix:local-useful-angle",""
"180","planned","P2","local","pickup-logistics","giao nhận xe máy thuê đống đa hà nội","","informational-commercial","Giao nhận xe máy thuê ở Đống Đa: nên nhận tại khách sạn, điểm hẹn hay cửa hàng?","giao-nhan-xe-may-thue-dong-da-ha-noi","khu-vuc","ha-noi-theo-khu-vuc","/blog/danh-muc/khu-vuc/ha-noi-theo-khu-vuc/","/lienhe.html","verify-current-delivery-area | verify-current-service-policy","EditorialMatrix:local-logistics-angle",""
"181","planned","P1","local","local-guide","thuê xe máy hai bà trưng hà nội","","informational-commercial","Thuê xe máy Hai Bà Trưng: cách chọn điểm nhận xe phù hợp hành trình","thue-xe-may-hai-ba-trung-ha-noi","khu-vuc","ha-noi-theo-khu-vuc","/blog/danh-muc/khu-vuc/ha-noi-theo-khu-vuc/","/","verify-current-delivery-area","KeywordTool:core | EditorialMatrix:local-useful-angle",""
"182","planned","P2","local","pickup-logistics","giao nhận xe máy thuê hai bà trưng hà nội","","informational-commercial","Giao nhận xe máy thuê ở Hai Bà Trưng: nên nhận tại khách sạn, điểm hẹn hay cửa hàng?","giao-nhan-xe-may-thue-hai-ba-trung-ha-noi","khu-vuc","ha-noi-theo-khu-vuc","/blog/danh-muc/khu-vuc/ha-noi-theo-khu-vuc/","/lienhe.html","verify-current-delivery-area | verify-current-service-policy","EditorialMatrix:local-logistics-angle",""
"183","planned","P1","local","local-guide","thuê xe máy tây hồ hà nội","","informational-commercial","Thuê xe máy Tây Hồ: cách chọn điểm nhận xe phù hợp hành trình","thue-xe-may-tay-ho-ha-noi","khu-vuc","ha-noi-theo-khu-vuc","/blog/danh-muc/khu-vuc/ha-noi-theo-khu-vuc/","/","verify-current-delivery-area","KeywordTool:core | EditorialMatrix:local-useful-angle",""
"184","planned","P2","local","pickup-logistics","giao nhận xe máy thuê tây hồ hà nội","","informational-commercial","Giao nhận xe máy thuê ở Tây Hồ: nên nhận tại khách sạn, điểm hẹn hay cửa hàng?","giao-nhan-xe-may-thue-tay-ho-ha-noi","khu-vuc","ha-noi-theo-khu-vuc","/blog/danh-muc/khu-vuc/ha-noi-theo-khu-vuc/","/lienhe.html","verify-current-delivery-area | verify-current-service-policy","EditorialMatrix:local-logistics-angle",""
"185","planned","P1","local","local-guide","thuê xe máy long biên hà nội","","informational-commercial","Thuê xe máy Long Biên: cách chọn điểm nhận xe phù hợp hành trình","thue-xe-may-long-bien-ha-noi","khu-vuc","ha-noi-theo-khu-vuc","/blog/danh-muc/khu-vuc/ha-noi-theo-khu-vuc/","/","verify-current-delivery-area","KeywordTool:core | EditorialMatrix:local-useful-angle",""
"186","planned","P2","local","pickup-logistics","giao nhận xe máy thuê long biên hà nội","","informational-commercial","Giao nhận xe máy thuê ở Long Biên: nên nhận tại khách sạn, điểm hẹn hay cửa hàng?","giao-nhan-xe-may-thue-long-bien-ha-noi","khu-vuc","ha-noi-theo-khu-vuc","/blog/danh-muc/khu-vuc/ha-noi-theo-khu-vuc/","/lienhe.html","verify-current-delivery-area | verify-current-service-policy","EditorialMatrix:local-logistics-angle",""
"187","planned","P1","local","local-guide","thuê xe máy hoàng mai hà nội","","informational-commercial","Thuê xe máy Hoàng Mai: cách chọn điểm nhận xe phù hợp hành trình","thue-xe-may-hoang-mai-ha-noi","khu-vuc","ha-noi-theo-khu-vuc","/blog/danh-muc/khu-vuc/ha-noi-theo-khu-vuc/","/","verify-current-delivery-area","KeywordTool:core | EditorialMatrix:local-useful-angle",""
"188","planned","P2","local","pickup-logistics","giao nhận xe máy thuê hoàng mai hà nội","","informational-commercial","Giao nhận xe máy thuê ở Hoàng Mai: nên nhận tại khách sạn, điểm hẹn hay cửa hàng?","giao-nhan-xe-may-thue-hoang-mai-ha-noi","khu-vuc","ha-noi-theo-khu-vuc","/blog/danh-muc/khu-vuc/ha-noi-theo-khu-vuc/","/lienhe.html","verify-current-delivery-area | verify-current-service-policy","EditorialMatrix:local-logistics-angle",""
"189","planned","P1","local","local-guide","thuê xe máy hà đông hà nội","","informational-commercial","Thuê xe máy Hà Đông: cách chọn điểm nhận xe phù hợp hành trình","thue-xe-may-ha-dong-ha-noi","khu-vuc","ha-noi-theo-khu-vuc","/blog/danh-muc/khu-vuc/ha-noi-theo-khu-vuc/","/","verify-current-delivery-area","KeywordTool:core | EditorialMatrix:local-useful-angle",""
"190","planned","P2","local","pickup-logistics","giao nhận xe máy thuê hà đông hà nội","","informational-commercial","Giao nhận xe máy thuê ở Hà Đông: nên nhận tại khách sạn, điểm hẹn hay cửa hàng?","giao-nhan-xe-may-thue-ha-dong-ha-noi","khu-vuc","ha-noi-theo-khu-vuc","/blog/danh-muc/khu-vuc/ha-noi-theo-khu-vuc/","/lienhe.html","verify-current-delivery-area | verify-current-service-policy","EditorialMatrix:local-logistics-angle",""
"191","planned","P2","local","local-guide","thuê xe máy nam từ liêm hà nội","","informational-commercial","Thuê xe máy Nam Từ Liêm: cách chọn điểm nhận xe phù hợp hành trình","thue-xe-may-nam-tu-liem-ha-noi","khu-vuc","ha-noi-theo-khu-vuc","/blog/danh-muc/khu-vuc/ha-noi-theo-khu-vuc/","/","verify-current-delivery-area","Derived:observed-local-pattern | EditorialMatrix:local-useful-angle",""
"192","planned","P2","local","pickup-logistics","giao nhận xe máy thuê nam từ liêm hà nội","","informational-commercial","Giao nhận xe máy thuê ở Nam Từ Liêm: nên nhận tại khách sạn, điểm hẹn hay cửa hàng?","giao-nhan-xe-may-thue-nam-tu-liem-ha-noi","khu-vuc","ha-noi-theo-khu-vuc","/blog/danh-muc/khu-vuc/ha-noi-theo-khu-vuc/","/lienhe.html","verify-current-delivery-area | verify-current-service-policy","EditorialMatrix:local-logistics-angle",""
"193","planned","P2","local","local-guide","thuê xe máy bắc từ liêm hà nội","","informational-commercial","Thuê xe máy Bắc Từ Liêm: cách chọn điểm nhận xe phù hợp hành trình","thue-xe-may-bac-tu-liem-ha-noi","khu-vuc","ha-noi-theo-khu-vuc","/blog/danh-muc/khu-vuc/ha-noi-theo-khu-vuc/","/","verify-current-delivery-area","Derived:observed-local-pattern | EditorialMatrix:local-useful-angle",""
"194","planned","P2","local","pickup-logistics","giao nhận xe máy thuê bắc từ liêm hà nội","","informational-commercial","Giao nhận xe máy thuê ở Bắc Từ Liêm: nên nhận tại khách sạn, điểm hẹn hay cửa hàng?","giao-nhan-xe-may-thue-bac-tu-liem-ha-noi","khu-vuc","ha-noi-theo-khu-vuc","/blog/danh-muc/khu-vuc/ha-noi-theo-khu-vuc/","/lienhe.html","verify-current-delivery-area | verify-current-service-policy","EditorialMatrix:local-logistics-angle",""
"195","planned","P2","local","local-guide","thuê xe máy mỹ đình hà nội","","informational-commercial","Thuê xe máy Mỹ Đình: cách chọn điểm nhận xe phù hợp hành trình","thue-xe-may-my-dinh-ha-noi","khu-vuc","ha-noi-theo-khu-vuc","/blog/danh-muc/khu-vuc/ha-noi-theo-khu-vuc/","/","verify-current-delivery-area","Derived:observed-local-pattern | EditorialMatrix:local-useful-angle",""
"196","planned","P2","local","pickup-logistics","giao nhận xe máy thuê mỹ đình hà nội","","informational-commercial","Giao nhận xe máy thuê ở Mỹ Đình: nên nhận tại khách sạn, điểm hẹn hay cửa hàng?","giao-nhan-xe-may-thue-my-dinh-ha-noi","khu-vuc","ha-noi-theo-khu-vuc","/blog/danh-muc/khu-vuc/ha-noi-theo-khu-vuc/","/lienhe.html","verify-current-delivery-area | verify-current-service-policy","EditorialMatrix:local-logistics-angle",""
"197","planned","P1","local","local-guide","thuê xe máy gia lâm hà nội","","informational-commercial","Thuê xe máy Gia Lâm: cách chọn điểm nhận xe phù hợp hành trình","thue-xe-may-gia-lam-ha-noi","khu-vuc","ha-noi-theo-khu-vuc","/blog/danh-muc/khu-vuc/ha-noi-theo-khu-vuc/","/","verify-current-delivery-area","KeywordTool:core | EditorialMatrix:local-useful-angle",""
"198","planned","P2","local","pickup-logistics","giao nhận xe máy thuê gia lâm hà nội","","informational-commercial","Giao nhận xe máy thuê ở Gia Lâm: nên nhận tại khách sạn, điểm hẹn hay cửa hàng?","giao-nhan-xe-may-thue-gia-lam-ha-noi","khu-vuc","ha-noi-theo-khu-vuc","/blog/danh-muc/khu-vuc/ha-noi-theo-khu-vuc/","/lienhe.html","verify-current-delivery-area | verify-current-service-policy","EditorialMatrix:local-logistics-angle",""
"199","planned","P1","local","local-guide","thuê xe máy đông anh hà nội","","informational-commercial","Thuê xe máy Đông Anh: cách chọn điểm nhận xe phù hợp hành trình","thue-xe-may-dong-anh-ha-noi","khu-vuc","ha-noi-theo-khu-vuc","/blog/danh-muc/khu-vuc/ha-noi-theo-khu-vuc/","/","verify-current-delivery-area","KeywordTool:core | EditorialMatrix:local-useful-angle",""
"200","planned","P2","local","pickup-logistics","giao nhận xe máy thuê đông anh hà nội","","informational-commercial","Giao nhận xe máy thuê ở Đông Anh: nên nhận tại khách sạn, điểm hẹn hay cửa hàng?","giao-nhan-xe-may-thue-dong-anh-ha-noi","khu-vuc","ha-noi-theo-khu-vuc","/blog/danh-muc/khu-vuc/ha-noi-theo-khu-vuc/","/lienhe.html","verify-current-delivery-area | verify-current-service-policy","EditorialMatrix:local-logistics-angle",""
"201","planned","P1","local","local-guide","thuê xe máy thanh xuân hà nội","","informational-commercial","Thuê xe máy Thanh Xuân: cách chọn điểm nhận xe phù hợp hành trình","thue-xe-may-thanh-xuan-ha-noi","khu-vuc","ha-noi-theo-khu-vuc","/blog/danh-muc/khu-vuc/ha-noi-theo-khu-vuc/","/","verify-current-delivery-area","KeywordTool:core | EditorialMatrix:local-useful-angle",""
"202","planned","P2","local","pickup-logistics","giao nhận xe máy thuê thanh xuân hà nội","","informational-commercial","Giao nhận xe máy thuê ở Thanh Xuân: nên nhận tại khách sạn, điểm hẹn hay cửa hàng?","giao-nhan-xe-may-thue-thanh-xuan-ha-noi","khu-vuc","ha-noi-theo-khu-vuc","/blog/danh-muc/khu-vuc/ha-noi-theo-khu-vuc/","/lienhe.html","verify-current-delivery-area | verify-current-service-policy","EditorialMatrix:local-logistics-angle",""
"203","planned","P2","local","local-guide","thuê xe máy giáp bát hà nội","","informational-commercial","Thuê xe máy Giáp Bát: cách chọn điểm nhận xe phù hợp hành trình","thue-xe-may-giap-bat-ha-noi","khu-vuc","ha-noi-theo-khu-vuc","/blog/danh-muc/khu-vuc/ha-noi-theo-khu-vuc/","/","verify-current-delivery-area","EditorialMatrix:local-useful-angle",""
"204","planned","P2","local","pickup-logistics","giao nhận xe máy thuê giáp bát hà nội","","informational-commercial","Giao nhận xe máy thuê ở Giáp Bát: nên nhận tại khách sạn, điểm hẹn hay cửa hàng?","giao-nhan-xe-may-thue-giap-bat-ha-noi","khu-vuc","ha-noi-theo-khu-vuc","/blog/danh-muc/khu-vuc/ha-noi-theo-khu-vuc/","/lienhe.html","verify-current-delivery-area | verify-current-service-policy","EditorialMatrix:local-logistics-angle",""
"205","planned","P2","local","local-guide","thuê xe máy ga hà nội hà nội","","informational-commercial","Thuê xe máy Ga Hà Nội: cách chọn điểm nhận xe phù hợp hành trình","thue-xe-may-ga-ha-noi-ha-noi","khu-vuc","ha-noi-theo-khu-vuc","/blog/danh-muc/khu-vuc/ha-noi-theo-khu-vuc/","/","verify-current-delivery-area","Derived:observed-local-pattern | EditorialMatrix:local-useful-angle",""
"206","planned","P2","local","pickup-logistics","giao nhận xe máy thuê ga hà nội hà nội","","informational-commercial","Giao nhận xe máy thuê ở Ga Hà Nội: nên nhận tại khách sạn, điểm hẹn hay cửa hàng?","giao-nhan-xe-may-thue-ga-ha-noi-ha-noi","khu-vuc","ha-noi-theo-khu-vuc","/blog/danh-muc/khu-vuc/ha-noi-theo-khu-vuc/","/lienhe.html","verify-current-delivery-area | verify-current-service-policy","EditorialMatrix:local-logistics-angle",""
"207","planned","P2","local","local-guide","thuê xe máy nội bài hà nội","","informational-commercial","Thuê xe máy Nội Bài: cách chọn điểm nhận xe phù hợp hành trình","thue-xe-may-noi-bai-ha-noi","khu-vuc","ha-noi-theo-khu-vuc","/blog/danh-muc/khu-vuc/ha-noi-theo-khu-vuc/","/","verify-current-delivery-area","EditorialMatrix:local-useful-angle",""
"208","planned","P2","local","pickup-logistics","giao nhận xe máy thuê nội bài hà nội","","informational-commercial","Giao nhận xe máy thuê ở Nội Bài: nên nhận tại khách sạn, điểm hẹn hay cửa hàng?","giao-nhan-xe-may-thue-noi-bai-ha-noi","khu-vuc","ha-noi-theo-khu-vuc","/blog/danh-muc/khu-vuc/ha-noi-theo-khu-vuc/","/lienhe.html","verify-current-delivery-area | verify-current-service-policy","EditorialMatrix:local-logistics-angle",""
"209","planned","P2","local","local-guide","thuê xe máy lê duẩn hà nội","","informational-commercial","Thuê xe máy Lê Duẩn: cách chọn điểm nhận xe phù hợp hành trình","thue-xe-may-le-duan-ha-noi","khu-vuc","ha-noi-theo-khu-vuc","/blog/danh-muc/khu-vuc/ha-noi-theo-khu-vuc/","/","verify-current-delivery-area","EditorialMatrix:local-useful-angle",""
"210","planned","P2","local","pickup-logistics","giao nhận xe máy thuê lê duẩn hà nội","","informational-commercial","Giao nhận xe máy thuê ở Lê Duẩn: nên nhận tại khách sạn, điểm hẹn hay cửa hàng?","giao-nhan-xe-may-thue-le-duan-ha-noi","khu-vuc","ha-noi-theo-khu-vuc","/blog/danh-muc/khu-vuc/ha-noi-theo-khu-vuc/","/lienhe.html","verify-current-delivery-area | verify-current-service-policy","EditorialMatrix:local-logistics-angle",""
"211","planned","P2","local","local-guide","thuê xe máy đường láng hà nội","","informational-commercial","Thuê xe máy Đường Láng: cách chọn điểm nhận xe phù hợp hành trình","thue-xe-may-duong-lang-ha-noi","khu-vuc","ha-noi-theo-khu-vuc","/blog/danh-muc/khu-vuc/ha-noi-theo-khu-vuc/","/","verify-current-delivery-area","Derived:observed-local-pattern | EditorialMatrix:local-useful-angle",""
"212","planned","P2","local","pickup-logistics","giao nhận xe máy thuê đường láng hà nội","","informational-commercial","Giao nhận xe máy thuê ở Đường Láng: nên nhận tại khách sạn, điểm hẹn hay cửa hàng?","giao-nhan-xe-may-thue-duong-lang-ha-noi","khu-vuc","ha-noi-theo-khu-vuc","/blog/danh-muc/khu-vuc/ha-noi-theo-khu-vuc/","/lienhe.html","verify-current-delivery-area | verify-current-service-policy","EditorialMatrix:local-logistics-angle",""
"213","planned","P2","local","local-guide","thuê xe máy ô chợ dừa hà nội","","informational-commercial","Thuê xe máy Ô Chợ Dừa: cách chọn điểm nhận xe phù hợp hành trình","thue-xe-may-o-cho-dua-ha-noi","khu-vuc","ha-noi-theo-khu-vuc","/blog/danh-muc/khu-vuc/ha-noi-theo-khu-vuc/","/","verify-current-delivery-area","Derived:observed-local-pattern | EditorialMatrix:local-useful-angle",""
"214","planned","P2","local","pickup-logistics","giao nhận xe máy thuê ô chợ dừa hà nội","","informational-commercial","Giao nhận xe máy thuê ở Ô Chợ Dừa: nên nhận tại khách sạn, điểm hẹn hay cửa hàng?","giao-nhan-xe-may-thue-o-cho-dua-ha-noi","khu-vuc","ha-noi-theo-khu-vuc","/blog/danh-muc/khu-vuc/ha-noi-theo-khu-vuc/","/lienhe.html","verify-current-delivery-area | verify-current-service-policy","EditorialMatrix:local-logistics-angle",""
"215","planned","P2","local","local-guide","thuê xe máy khuất duy tiến hà nội","","informational-commercial","Thuê xe máy Khuất Duy Tiến: cách chọn điểm nhận xe phù hợp hành trình","thue-xe-may-khuat-duy-tien-ha-noi","khu-vuc","ha-noi-theo-khu-vuc","/blog/danh-muc/khu-vuc/ha-noi-theo-khu-vuc/","/","verify-current-delivery-area","EditorialMatrix:local-useful-angle",""
"216","planned","P2","local","pickup-logistics","giao nhận xe máy thuê khuất duy tiến hà nội","","informational-commercial","Giao nhận xe máy thuê ở Khuất Duy Tiến: nên nhận tại khách sạn, điểm hẹn hay cửa hàng?","giao-nhan-xe-may-thue-khuat-duy-tien-ha-noi","khu-vuc","ha-noi-theo-khu-vuc","/blog/danh-muc/khu-vuc/ha-noi-theo-khu-vuc/","/lienhe.html","verify-current-delivery-area | verify-current-service-policy","EditorialMatrix:local-logistics-angle",""
"217","planned","P2","local","local-guide","thuê xe máy trâu quỳ hà nội","","informational-commercial","Thuê xe máy Trâu Quỳ: cách chọn điểm nhận xe phù hợp hành trình","thue-xe-may-trau-quy-ha-noi","khu-vuc","ha-noi-theo-khu-vuc","/blog/danh-muc/khu-vuc/ha-noi-theo-khu-vuc/","/","verify-current-delivery-area","EditorialMatrix:local-useful-angle",""
"218","planned","P2","local","pickup-logistics","giao nhận xe máy thuê trâu quỳ hà nội","","informational-commercial","Giao nhận xe máy thuê ở Trâu Quỳ: nên nhận tại khách sạn, điểm hẹn hay cửa hàng?","giao-nhan-xe-may-thue-trau-quy-ha-noi","khu-vuc","ha-noi-theo-khu-vuc","/blog/danh-muc/khu-vuc/ha-noi-theo-khu-vuc/","/lienhe.html","verify-current-delivery-area | verify-current-service-policy","EditorialMatrix:local-logistics-angle",""
"219","planned","P1","local","local-guide","thuê xe máy sóc sơn hà nội","","informational-commercial","Thuê xe máy Sóc Sơn: cách chọn điểm nhận xe phù hợp hành trình","thue-xe-may-soc-son-ha-noi","khu-vuc","ha-noi-theo-khu-vuc","/blog/danh-muc/khu-vuc/ha-noi-theo-khu-vuc/","/","verify-current-delivery-area","KeywordTool:core | EditorialMatrix:local-useful-angle",""
"220","planned","P2","local","pickup-logistics","giao nhận xe máy thuê sóc sơn hà nội","","informational-commercial","Giao nhận xe máy thuê ở Sóc Sơn: nên nhận tại khách sạn, điểm hẹn hay cửa hàng?","giao-nhan-xe-may-thue-soc-son-ha-noi","khu-vuc","ha-noi-theo-khu-vuc","/blog/danh-muc/khu-vuc/ha-noi-theo-khu-vuc/","/lienhe.html","verify-current-delivery-area | verify-current-service-policy","EditorialMatrix:local-logistics-angle",""
"221","planned","P1","procedures-legal","procedure-legal","thuê xe máy hà nội cần giấy tờ gì","","informational-commercial","Thuê xe máy Hà Nội cần giấy tờ gì? Checklist trước khi đến nhận xe","thue-xe-may-ha-noi-can-giay-to-gi","huong-dan","thu-tuc-phap-ly","/blog/danh-muc/huong-dan/thu-tuc-phap-ly/","/thutuc.html","verify-current-business-policy | verify-current-vietnam-law","KeywordTool:core",""
"222","planned","P1","procedures-legal","procedure-legal","thuê xe máy hà nội cần những gì","","informational-commercial","Thuê xe máy Hà Nội cần những gì? Từ giấy tờ đến thông tin liên hệ","thue-xe-may-ha-noi-can-nhung-gi","huong-dan","thu-tuc-phap-ly","/blog/danh-muc/huong-dan/thu-tuc-phap-ly/","/thutuc.html","verify-current-business-policy | verify-current-vietnam-law","KeywordTool:core",""
"223","planned","P2","procedures-legal","procedure-legal","hợp đồng thuê xe máy cần có gì","","informational-commercial","Hợp đồng thuê xe máy nên có những mục gì để dễ đối chiếu?","hop-dong-thue-xe-may-can-co-gi","huong-dan","thu-tuc-phap-ly","/blog/danh-muc/huong-dan/thu-tuc-phap-ly/","/thutuc.html","verify-current-business-policy | verify-current-vietnam-law","EditorialMatrix:distinct-angle",""
"224","planned","P2","procedures-legal","procedure-legal","thuê xe máy dùng căn cước hay hộ chiếu","","informational-commercial","Thuê xe máy dùng căn cước hay hộ chiếu? Cần xác minh gì với bên cho thuê","thue-xe-may-dung-can-cuoc-hay-ho-chieu","huong-dan","thu-tuc-phap-ly","/blog/danh-muc/huong-dan/thu-tuc-phap-ly/","/thutuc.html","verify-current-business-policy | verify-current-vietnam-law","EditorialMatrix:distinct-angle",""
"225","planned","P2","procedures-legal","procedure-legal","thuê xe máy cho người nước ngoài cần gì","","informational-commercial","Người nước ngoài thuê xe máy ở Hà Nội cần chuẩn bị gì?","thue-xe-may-cho-nguoi-nuoc-ngoai-can-gi","huong-dan","thu-tuc-phap-ly","/blog/danh-muc/huong-dan/thu-tuc-phap-ly/","/thutuc.html","verify-current-business-policy | verify-current-vietnam-law","EditorialMatrix:distinct-angle",""
"226","planned","P2","procedures-legal","procedure-legal","bằng lái quốc tế thuê xe máy việt nam","","informational-commercial","Bằng lái quốc tế khi thuê xe máy ở Việt Nam: phải kiểm tra hiệu lực thế nào?","bang-lai-quoc-te-thue-xe-may-viet-nam","huong-dan","thu-tuc-phap-ly","/blog/danh-muc/huong-dan/thu-tuc-phap-ly/","/thutuc.html","verify-current-business-policy | verify-current-vietnam-law","EditorialMatrix:distinct-angle",""
"227","planned","P2","procedures-legal","procedure-legal","bằng lái việt nam thuê xe máy","","informational-commercial","Bằng lái Việt Nam khi thuê xe máy: loại xe nào cần hạng phù hợp?","bang-lai-viet-nam-thue-xe-may","huong-dan","thu-tuc-phap-ly","/blog/danh-muc/huong-dan/thu-tuc-phap-ly/","/thutuc.html","verify-current-business-policy | verify-current-vietnam-law","EditorialMatrix:distinct-angle",""
"228","planned","P2","procedures-legal","procedure-legal","thuê xe 50cc cần bằng lái không","","informational-commercial","Thuê xe 50cc có cần bằng lái không? Cách đọc quy định hiện hành","thue-xe-50cc-can-bang-lai-khong","huong-dan","thu-tuc-phap-ly","/blog/danh-muc/huong-dan/thu-tuc-phap-ly/","/thutuc.html","verify-current-business-policy | verify-current-vietnam-law","EditorialMatrix:distinct-angle",""
"229","planned","P2","procedures-legal","procedure-legal","thuê xe máy điện cần bằng lái không","","informational-commercial","Thuê xe máy điện cần bằng lái không? Phân loại xe trước khi kết luận","thue-xe-may-dien-can-bang-lai-khong","huong-dan","thu-tuc-phap-ly","/blog/danh-muc/huong-dan/thu-tuc-phap-ly/","/thutuc.html","verify-current-business-policy | verify-current-vietnam-law","EditorialMatrix:distinct-angle",""
"230","planned","P2","procedures-legal","procedure-legal","bao nhiêu tuổi được thuê xe máy","","informational-commercial","Bao nhiêu tuổi được thuê và điều khiển xe máy? Phân biệt chính sách cửa hàng với luật","bao-nhieu-tuoi-duoc-thue-xe-may","huong-dan","thu-tuc-phap-ly","/blog/danh-muc/huong-dan/thu-tuc-phap-ly/","/thutuc.html","verify-current-business-policy | verify-current-vietnam-law","EditorialMatrix:distinct-angle",""
"231","planned","P2","procedures-legal","procedure-legal","sinh viên thuê xe máy cần gì","","informational-commercial","Sinh viên thuê xe máy cần gì? Checklist giấy tờ và ngân sách","sinh-vien-thue-xe-may-can-gi","huong-dan","thu-tuc-phap-ly","/blog/danh-muc/huong-dan/thu-tuc-phap-ly/","/thutuc.html","verify-current-business-policy | verify-current-vietnam-law","EditorialMatrix:distinct-angle",""
"232","planned","P2","procedures-legal","procedure-legal","thuê xe máy không cọc cần gì","","informational-commercial","Thuê xe máy không cọc: bên cho thuê có thể yêu cầu gì thay thế?","thue-xe-may-khong-coc-can-gi","huong-dan","thu-tuc-phap-ly","/blog/danh-muc/huong-dan/thu-tuc-phap-ly/","/thutuc.html","verify-current-business-policy | verify-current-vietnam-law","EditorialMatrix:distinct-angle",""
"233","planned","P2","procedures-legal","procedure-legal","thuê xe máy thanh toán tiền mặt hay chuyển khoản","","informational-commercial","Thuê xe máy nên thanh toán tiền mặt hay chuyển khoản? Cách lưu bằng chứng","thue-xe-may-thanh-toan-tien-mat-hay-chuyen-khoan","huong-dan","thu-tuc-phap-ly","/blog/danh-muc/huong-dan/thu-tuc-phap-ly/","/thutuc.html","verify-current-business-policy | verify-current-vietnam-law","EditorialMatrix:distinct-angle",""
"234","planned","P2","procedures-legal","procedure-legal","chụp ảnh xe trước khi thuê","","informational-commercial","Vì sao nên chụp ảnh xe trước khi thuê? Checklist góc chụp trong 2 phút","chup-anh-xe-truoc-khi-thue","huong-dan","thu-tuc-phap-ly","/blog/danh-muc/huong-dan/thu-tuc-phap-ly/","/thutuc.html","verify-current-business-policy | verify-current-vietnam-law","EditorialMatrix:distinct-angle",""
"235","planned","P2","procedures-legal","procedure-legal","thuê xe máy bị phạt giao thông","","informational-commercial","Xe thuê bị phạt giao thông: người thuê nên xử lý và lưu thông tin thế nào?","thue-xe-may-bi-phat-giao-thong","huong-dan","thu-tuc-phap-ly","/blog/danh-muc/huong-dan/thu-tuc-phap-ly/","/thutuc.html","verify-current-business-policy | verify-current-vietnam-law","EditorialMatrix:distinct-angle",""
"236","planned","P2","procedures-legal","procedure-legal","xe thuê bị tai nạn phải làm gì","","informational-commercial","Xe thuê bị tai nạn: thứ tự việc cần làm để ưu tiên an toàn và thông báo","xe-thue-bi-tai-nan-phai-lam-gi","huong-dan","thu-tuc-phap-ly","/blog/danh-muc/huong-dan/thu-tuc-phap-ly/","/thutuc.html","verify-current-business-policy | verify-current-vietnam-law","EditorialMatrix:distinct-angle",""
"237","planned","P2","procedures-legal","procedure-legal","xe thuê bị hỏng giữa đường","","informational-commercial","Xe thuê bị hỏng giữa đường: checklist xử lý trước khi tự sửa","xe-thue-bi-hong-giua-duong","huong-dan","thu-tuc-phap-ly","/blog/danh-muc/huong-dan/thu-tuc-phap-ly/","/thutuc.html","verify-current-business-policy | verify-current-vietnam-law","EditorialMatrix:distinct-angle",""
"238","planned","P2","procedures-legal","procedure-legal","mất chìa khóa xe thuê","","informational-commercial","Mất chìa khóa xe thuê: nên làm gì trước khi gọi thợ hoặc di chuyển xe?","mat-chia-khoa-xe-thue","huong-dan","thu-tuc-phap-ly","/blog/danh-muc/huong-dan/thu-tuc-phap-ly/","/thutuc.html","verify-current-business-policy | verify-current-vietnam-law","EditorialMatrix:distinct-angle",""
"239","planned","P2","procedures-legal","procedure-legal","mất giấy tờ xe thuê","","informational-commercial","Mất giấy tờ xe thuê: cần báo cho ai và lưu thông tin gì?","mat-giay-to-xe-thue","huong-dan","thu-tuc-phap-ly","/blog/danh-muc/huong-dan/thu-tuc-phap-ly/","/thutuc.html","verify-current-business-policy | verify-current-vietnam-law","EditorialMatrix:distinct-angle",""
"240","planned","P2","procedures-legal","procedure-legal","gia hạn hợp đồng thuê xe máy","","informational-commercial","Gia hạn hợp đồng thuê xe máy: 6 điều nên xác nhận lại","gia-han-hop-dong-thue-xe-may","huong-dan","thu-tuc-phap-ly","/blog/danh-muc/huong-dan/thu-tuc-phap-ly/","/thutuc.html","verify-current-business-policy | verify-current-vietnam-law","EditorialMatrix:distinct-angle",""
"241","planned","P2","procedures-legal","procedure-legal","trả xe thuê sớm","","informational-commercial","Trả xe thuê sớm hơn dự kiến: cần hỏi lại phí và biên nhận thế nào?","tra-xe-thue-som","huong-dan","thu-tuc-phap-ly","/blog/danh-muc/huong-dan/thu-tuc-phap-ly/","/thutuc.html","verify-current-business-policy | verify-current-vietnam-law","EditorialMatrix:distinct-angle",""
"242","planned","P2","procedures-legal","procedure-legal","trả xe thuê muộn","","informational-commercial","Trả xe thuê muộn: cách thông báo và xác nhận phụ phí","tra-xe-thue-muon","huong-dan","thu-tuc-phap-ly","/blog/danh-muc/huong-dan/thu-tuc-phap-ly/","/thutuc.html","verify-current-business-policy | verify-current-vietnam-law","EditorialMatrix:distinct-angle",""
"243","planned","P2","procedures-legal","procedure-legal","xe thuê bị trầy xước","","informational-commercial","Xe thuê bị trầy xước: cách đối chiếu tình trạng trước và sau khi thuê","xe-thue-bi-tray-xuoc","huong-dan","thu-tuc-phap-ly","/blog/danh-muc/huong-dan/thu-tuc-phap-ly/","/thutuc.html","verify-current-business-policy | verify-current-vietnam-law","EditorialMatrix:distinct-angle",""
"244","planned","P2","procedures-legal","procedure-legal","thuê xe máy có bảo hiểm không","","informational-commercial","Thuê xe máy có bảo hiểm không? Phân biệt bảo hiểm bắt buộc và chính sách dịch vụ","thue-xe-may-co-bao-hiem-khong","huong-dan","thu-tuc-phap-ly","/blog/danh-muc/huong-dan/thu-tuc-phap-ly/","/thutuc.html","verify-current-business-policy | verify-current-vietnam-law","EditorialMatrix:distinct-angle",""
"245","planned","P2","procedures-legal","procedure-legal","cảnh sát kiểm tra xe thuê cần gì","","informational-commercial","Đi xe thuê gặp kiểm tra giấy tờ: nên chuẩn bị và xuất trình gì theo quy định hiện hành?","canh-sat-kiem-tra-xe-thue-can-gi","huong-dan","thu-tuc-phap-ly","/blog/danh-muc/huong-dan/thu-tuc-phap-ly/","/thutuc.html","verify-current-business-policy | verify-current-vietnam-law","EditorialMatrix:distinct-angle",""
"246","planned","P1","trip-planning","trip-guide","thuê xe máy hà nội đi hà giang","","informational-commercial","Thuê xe máy từ Hà Nội đi Hà Giang: nên thuê ở Hà Nội hay nhận xe tại Hà Giang?","thue-xe-may-ha-noi-di-ha-giang","kinh-nghiem","hanh-trinh","/blog/danh-muc/kinh-nghiem/hanh-trinh/","/huongdan.html","verify-current-road-conditions-if-mentioned | verify-current-traffic-law","KeywordTool:core | KeywordTool:electric",""
"247","planned","P2","trip-planning","trip-guide","thuê xe máy hà nội đi ninh bình","","informational-commercial","Thuê xe máy Hà Nội đi Ninh Bình: cách chọn xe và chuẩn bị trước chuyến đi","thue-xe-may-ha-noi-di-ninh-binh","kinh-nghiem","hanh-trinh","/blog/danh-muc/kinh-nghiem/hanh-trinh/","/huongdan.html","verify-current-road-conditions-if-mentioned | verify-current-traffic-law","EditorialMatrix:distinct-angle",""
"248","planned","P2","trip-planning","trip-guide","thuê xe máy hà nội đi ba vì","","informational-commercial","Thuê xe máy Hà Nội đi Ba Vì: checklist xe, thời tiết và hành lý","thue-xe-may-ha-noi-di-ba-vi","kinh-nghiem","hanh-trinh","/blog/danh-muc/kinh-nghiem/hanh-trinh/","/huongdan.html","verify-current-road-conditions-if-mentioned | verify-current-traffic-law","EditorialMatrix:distinct-angle",""
"249","planned","P2","trip-planning","trip-guide","thuê xe máy hà nội đi tam đảo","","informational-commercial","Thuê xe máy Hà Nội đi Tam Đảo: cần cân nhắc dốc, phanh và kinh nghiệm lái","thue-xe-may-ha-noi-di-tam-dao","kinh-nghiem","hanh-trinh","/blog/danh-muc/kinh-nghiem/hanh-trinh/","/huongdan.html","verify-current-road-conditions-if-mentioned | verify-current-traffic-law","EditorialMatrix:distinct-angle",""
"250","planned","P2","trip-planning","trip-guide","thuê xe máy hà nội đi hòa bình","","informational-commercial","Thuê xe máy Hà Nội đi Hòa Bình: chọn xe theo quãng đường và tải","thue-xe-may-ha-noi-di-hoa-binh","kinh-nghiem","hanh-trinh","/blog/danh-muc/kinh-nghiem/hanh-trinh/","/huongdan.html","verify-current-road-conditions-if-mentioned | verify-current-traffic-law","EditorialMatrix:distinct-angle",""
"251","planned","P2","trip-planning","trip-guide","thuê xe máy hà nội đi mai châu","","informational-commercial","Thuê xe máy Hà Nội đi Mai Châu: checklist trước chuyến đi dài","thue-xe-may-ha-noi-di-mai-chau","kinh-nghiem","hanh-trinh","/blog/danh-muc/kinh-nghiem/hanh-trinh/","/huongdan.html","verify-current-road-conditions-if-mentioned | verify-current-traffic-law","EditorialMatrix:distinct-angle",""
"252","planned","P2","trip-planning","trip-guide","thuê xe máy hà nội đi mộc châu","","informational-commercial","Thuê xe máy Hà Nội đi Mộc Châu: nên kiểm tra xe và hành lý thế nào?","thue-xe-may-ha-noi-di-moc-chau","kinh-nghiem","hanh-trinh","/blog/danh-muc/kinh-nghiem/hanh-trinh/","/huongdan.html","verify-current-road-conditions-if-mentioned | verify-current-traffic-law","EditorialMatrix:distinct-angle",""
"253","planned","P2","trip-planning","trip-guide","thuê xe máy hà nội đi cát bà","","informational-commercial","Thuê xe máy Hà Nội đi Cát Bà: cần kiểm tra phương án đường đi và vận chuyển xe","thue-xe-may-ha-noi-di-cat-ba","kinh-nghiem","hanh-trinh","/blog/danh-muc/kinh-nghiem/hanh-trinh/","/huongdan.html","verify-current-road-conditions-if-mentioned | verify-current-traffic-law","EditorialMatrix:distinct-angle",""
"254","planned","P2","trip-planning","trip-guide","thuê xe máy hà nội đi chùa hương","","informational-commercial","Thuê xe máy Hà Nội đi Chùa Hương: cách chuẩn bị cho chuyến đi trong ngày","thue-xe-may-ha-noi-di-chua-huong","kinh-nghiem","hanh-trinh","/blog/danh-muc/kinh-nghiem/hanh-trinh/","/huongdan.html","verify-current-road-conditions-if-mentioned | verify-current-traffic-law","EditorialMatrix:distinct-angle",""
"255","planned","P2","trip-planning","trip-guide","thuê xe máy hà nội đi bát tràng","","informational-commercial","Thuê xe máy Hà Nội đi Bát Tràng: xe nào phù hợp chuyến đi ngắn ngoại thành?","thue-xe-may-ha-noi-di-bat-trang","kinh-nghiem","hanh-trinh","/blog/danh-muc/kinh-nghiem/hanh-trinh/","/huongdan.html","verify-current-road-conditions-if-mentioned | verify-current-traffic-law","EditorialMatrix:distinct-angle",""
"256","planned","P2","trip-planning","trip-guide","thuê xe máy hà nội đi đường lâm","","informational-commercial","Thuê xe máy Hà Nội đi Đường Lâm: checklist cho chuyến đi trong ngày","thue-xe-may-ha-noi-di-duong-lam","kinh-nghiem","hanh-trinh","/blog/danh-muc/kinh-nghiem/hanh-trinh/","/huongdan.html","verify-current-road-conditions-if-mentioned | verify-current-traffic-law","EditorialMatrix:distinct-angle",""
"257","planned","P2","trip-planning","trip-guide","thuê xe máy hà nội đi sóc sơn","","informational-commercial","Thuê xe máy Hà Nội đi Sóc Sơn: chọn xe và giờ xuất phát theo tiêu chí nào?","thue-xe-may-ha-noi-di-soc-son","kinh-nghiem","hanh-trinh","/blog/danh-muc/kinh-nghiem/hanh-trinh/","/huongdan.html","verify-current-road-conditions-if-mentioned | verify-current-traffic-law","EditorialMatrix:distinct-angle",""
"258","planned","P2","trip-planning","trip-guide","lịch trình xe máy phố cổ hồ tây","","informational-commercial","Đi xe máy từ Phố Cổ đến Hồ Tây: cách lên lịch trình ngắn không vòng đường","lich-trinh-xe-may-pho-co-ho-tay","kinh-nghiem","hanh-trinh","/blog/danh-muc/kinh-nghiem/hanh-trinh/","/huongdan.html","verify-current-road-conditions-if-mentioned | verify-current-traffic-law","EditorialMatrix:distinct-angle",""
"259","planned","P2","trip-planning","trip-guide","lịch trình xe máy tham quan hà nội 1 ngày","","informational-commercial","Lịch trình Hà Nội 1 ngày bằng xe máy: cách nhóm điểm đến để đỡ di chuyển","lich-trinh-xe-may-tham-quan-ha-noi-1-ngay","kinh-nghiem","hanh-trinh","/blog/danh-muc/kinh-nghiem/hanh-trinh/","/huongdan.html","verify-current-road-conditions-if-mentioned | verify-current-traffic-law","EditorialMatrix:distinct-angle",""
"260","planned","P2","trip-planning","trip-guide","đi xe máy hà nội nửa ngày","","informational-commercial","Đi Hà Nội nửa ngày bằng xe máy: chọn khu vực thay vì chạy quá nhiều điểm","di-xe-may-ha-noi-nua-ngay","kinh-nghiem","hanh-trinh","/blog/danh-muc/kinh-nghiem/hanh-trinh/","/huongdan.html","verify-current-road-conditions-if-mentioned | verify-current-traffic-law","EditorialMatrix:distinct-angle",""
"261","planned","P2","trip-planning","trip-guide","đi xe máy hà nội 2 ngày","","informational-commercial","Khám phá Hà Nội 2 ngày bằng xe máy: cách chia lịch trình theo khu vực","di-xe-may-ha-noi-2-ngay","kinh-nghiem","hanh-trinh","/blog/danh-muc/kinh-nghiem/hanh-trinh/","/huongdan.html","verify-current-road-conditions-if-mentioned | verify-current-traffic-law","EditorialMatrix:distinct-angle",""
"262","planned","P2","trip-planning","trip-guide","đi xe máy hà nội ăn uống","","informational-commercial","Đi ăn bằng xe máy ở Hà Nội: cách chọn tuyến và chỗ gửi xe trước khi đi","di-xe-may-ha-noi-an-uong","kinh-nghiem","hanh-trinh","/blog/danh-muc/kinh-nghiem/hanh-trinh/","/huongdan.html","verify-current-road-conditions-if-mentioned | verify-current-traffic-law","EditorialMatrix:distinct-angle",""
"263","planned","P2","trip-planning","trip-guide","đi xe máy hà nội cà phê","","informational-commercial","Đi cà phê bằng xe máy ở Hà Nội: cách nhóm điểm theo khu vực","di-xe-may-ha-noi-ca-phe","kinh-nghiem","hanh-trinh","/blog/danh-muc/kinh-nghiem/hanh-trinh/","/huongdan.html","verify-current-road-conditions-if-mentioned | verify-current-traffic-law","EditorialMatrix:distinct-angle",""
"264","planned","P2","trip-planning","trip-guide","đi xe máy hà nội chụp ảnh","","informational-commercial","Đi chụp ảnh bằng xe máy ở Hà Nội: chọn thời gian và điểm dừng thế nào?","di-xe-may-ha-noi-chup-anh","kinh-nghiem","hanh-trinh","/blog/danh-muc/kinh-nghiem/hanh-trinh/","/huongdan.html","verify-current-road-conditions-if-mentioned | verify-current-traffic-law","EditorialMatrix:distinct-angle",""
"265","planned","P2","trip-planning","trip-guide","đi xe máy hà nội bảo tàng","","informational-commercial","Đi bảo tàng ở Hà Nội bằng xe máy: cách sắp xếp nhiều điểm trong ngày","di-xe-may-ha-noi-bao-tang","kinh-nghiem","hanh-trinh","/blog/danh-muc/kinh-nghiem/hanh-trinh/","/huongdan.html","verify-current-road-conditions-if-mentioned | verify-current-traffic-law","EditorialMatrix:distinct-angle",""
"266","planned","P2","trip-planning","trip-guide","đi xe máy hà nội mua sắm","","informational-commercial","Đi mua sắm ở Hà Nội bằng xe máy: lưu ý cốp, hành lý và gửi xe","di-xe-may-ha-noi-mua-sam","kinh-nghiem","hanh-trinh","/blog/danh-muc/kinh-nghiem/hanh-trinh/","/huongdan.html","verify-current-road-conditions-if-mentioned | verify-current-traffic-law","EditorialMatrix:distinct-angle",""
"267","planned","P2","trip-planning","trip-guide","đi xe máy hà nội với trẻ nhỏ","","informational-commercial","Đi xe máy ở Hà Nội cùng trẻ nhỏ: các yếu tố an toàn cần cân nhắc trước khi chọn","di-xe-may-ha-noi-voi-tre-nho","kinh-nghiem","hanh-trinh","/blog/danh-muc/kinh-nghiem/hanh-trinh/","/huongdan.html","verify-current-road-conditions-if-mentioned | verify-current-traffic-law","EditorialMatrix:distinct-angle",""
"268","planned","P2","trip-planning","trip-guide","đi xe máy hà nội cho người mới","","informational-commercial","Người mới đi xe máy ở Hà Nội: cách chọn hành trình ngắn để làm quen","di-xe-may-ha-noi-cho-nguoi-moi","kinh-nghiem","hanh-trinh","/blog/danh-muc/kinh-nghiem/hanh-trinh/","/huongdan.html","verify-current-road-conditions-if-mentioned | verify-current-traffic-law","EditorialMatrix:distinct-angle",""
"269","planned","P2","trip-planning","trip-guide","đi xe máy hà nội mùa mưa","","informational-commercial","Đi xe máy ở Hà Nội mùa mưa: cách rút ngắn hành trình và chọn điểm dừng","di-xe-may-ha-noi-mua-mua","kinh-nghiem","hanh-trinh","/blog/danh-muc/kinh-nghiem/hanh-trinh/","/huongdan.html","verify-current-road-conditions-if-mentioned | verify-current-traffic-law","EditorialMatrix:distinct-angle",""
"270","planned","P2","trip-planning","trip-guide","đi xe máy hà nội mùa đông","","informational-commercial","Đi xe máy Hà Nội mùa đông: lên lịch trình theo thời gian ngoài trời","di-xe-may-ha-noi-mua-dong","kinh-nghiem","hanh-trinh","/blog/danh-muc/kinh-nghiem/hanh-trinh/","/huongdan.html","verify-current-road-conditions-if-mentioned | verify-current-traffic-law","EditorialMatrix:distinct-angle",""
"271","planned","P2","trip-planning","trip-guide","đi xe máy hà nội buổi tối","","informational-commercial","Đi xe máy Hà Nội buổi tối: chọn tuyến và điểm dừng theo tầm nhìn, gửi xe","di-xe-may-ha-noi-buoi-toi","kinh-nghiem","hanh-trinh","/blog/danh-muc/kinh-nghiem/hanh-trinh/","/huongdan.html","verify-current-road-conditions-if-mentioned | verify-current-traffic-law","EditorialMatrix:distinct-angle",""
"272","planned","P2","trip-planning","trip-guide","đi xe máy điện tham quan hà nội","","informational-commercial","Tham quan Hà Nội bằng xe máy điện: lập kế hoạch pin theo điểm dừng","di-xe-may-dien-tham-quan-ha-noi","kinh-nghiem","hanh-trinh","/blog/danh-muc/kinh-nghiem/hanh-trinh/","/huongdan.html","verify-current-road-conditions-if-mentioned | verify-current-traffic-law","EditorialMatrix:distinct-angle",""
"273","planned","P2","trip-planning","trip-guide","đi xe 50cc tham quan hà nội","","informational-commercial","Tham quan Hà Nội bằng xe 50cc: hành trình nào phù hợp tốc độ và quãng đường?","di-xe-50cc-tham-quan-ha-noi","kinh-nghiem","hanh-trinh","/blog/danh-muc/kinh-nghiem/hanh-trinh/","/huongdan.html","verify-current-road-conditions-if-mentioned | verify-current-traffic-law","EditorialMatrix:distinct-angle",""
"274","planned","P2","trip-planning","trip-guide","đi xe máy hà nội với vali","","informational-commercial","Đi xe máy ở Hà Nội khi có vali: nên gửi hành lý hay chọn xe khác?","di-xe-may-ha-noi-voi-vali","kinh-nghiem","hanh-trinh","/blog/danh-muc/kinh-nghiem/hanh-trinh/","/huongdan.html","verify-current-road-conditions-if-mentioned | verify-current-traffic-law","EditorialMatrix:distinct-angle",""
"275","planned","P2","trip-planning","trip-guide","road trip từ hà nội bằng xe thuê","","informational-commercial","Road trip từ Hà Nội bằng xe thuê: checklist 15 mục trước khi rời thành phố","road-trip-tu-ha-noi-bang-xe-thue","kinh-nghiem","hanh-trinh","/blog/danh-muc/kinh-nghiem/hanh-trinh/","/huongdan.html","verify-current-road-conditions-if-mentioned | verify-current-traffic-law","EditorialMatrix:distinct-angle",""
"276","published","P0","safety-maintenance","checklist","checklist nhận xe máy thuê","kiểm tra xe máy trước khi thuê","informational-commercial","Checklist 10 phút trước khi nhận xe máy ở Hà Nội","checklist-nhan-xe-may-thue","huong-dan","an-toan-su-co","/blog/danh-muc/huong-dan/an-toan-su-co/","/huongdan.html","","ExistingPost","/blog/checklist-10-phut-truoc-khi-nhan-xe/"
"277","planned","P2","safety-maintenance","safety-guide","kiểm tra phanh xe máy thuê","","informational-commercial","Thuê xe máy: cách kiểm tra phanh trước khi rời điểm nhận","kiem-tra-phanh-xe-may-thue","huong-dan","an-toan-su-co","/blog/danh-muc/huong-dan/an-toan-su-co/","/huongdan.html","verify-current-support-policy","EditorialMatrix:distinct-angle",""
"278","planned","P2","safety-maintenance","safety-guide","kiểm tra lốp xe máy thuê","","informational-commercial","Thuê xe máy: cách nhìn lốp để phát hiện dấu hiệu bất thường","kiem-tra-lop-xe-may-thue","huong-dan","an-toan-su-co","/blog/danh-muc/huong-dan/an-toan-su-co/","/huongdan.html","verify-current-support-policy","EditorialMatrix:distinct-angle",""
"279","planned","P2","safety-maintenance","safety-guide","kiểm tra đèn còi xi nhan xe thuê","","informational-commercial","Checklist đèn, còi và xi-nhan khi nhận xe thuê","kiem-tra-den-coi-xi-nhan-xe-thue","huong-dan","an-toan-su-co","/blog/danh-muc/huong-dan/an-toan-su-co/","/huongdan.html","verify-current-support-policy","EditorialMatrix:distinct-angle",""
"280","planned","P2","safety-maintenance","safety-guide","kiểm tra mức xăng xe thuê","","informational-commercial","Nhận xe thuê cần kiểm tra mức nhiên liệu như thế nào?","kiem-tra-muc-xang-xe-thue","huong-dan","an-toan-su-co","/blog/danh-muc/huong-dan/an-toan-su-co/","/huongdan.html","verify-current-support-policy","EditorialMatrix:distinct-angle",""
"281","planned","P2","safety-maintenance","safety-guide","chụp vết xước xe thuê","","informational-commercial","Chụp vết xước xe thuê: 6 góc ảnh giúp đối chiếu dễ hơn","chup-vet-xuoc-xe-thue","huong-dan","an-toan-su-co","/blog/danh-muc/huong-dan/an-toan-su-co/","/huongdan.html","verify-current-support-policy","EditorialMatrix:distinct-angle",""
"282","planned","P2","safety-maintenance","safety-guide","mũ bảo hiểm khi thuê xe máy","","informational-commercial","Mũ bảo hiểm đi kèm xe thuê: kiểm tra khóa, dây và độ vừa thế nào?","mu-bao-hiem-khi-thue-xe-may","huong-dan","an-toan-su-co","/blog/danh-muc/huong-dan/an-toan-su-co/","/huongdan.html","verify-current-support-policy","EditorialMatrix:distinct-angle",""
"283","planned","P2","safety-maintenance","safety-guide","đi xe thuê trời mưa","","informational-commercial","Đi xe thuê trời mưa: checklist lốp, phanh, áo mưa và tầm nhìn","di-xe-thue-troi-mua","huong-dan","an-toan-su-co","/blog/danh-muc/huong-dan/an-toan-su-co/","/huongdan.html","verify-current-support-policy","EditorialMatrix:distinct-angle",""
"284","planned","P2","safety-maintenance","safety-guide","đi xe thuê ban đêm","","informational-commercial","Đi xe thuê ban đêm: kiểm tra đèn và phản quang trước khi xuất phát","di-xe-thue-ban-dem","huong-dan","an-toan-su-co","/blog/danh-muc/huong-dan/an-toan-su-co/","/huongdan.html","verify-current-support-policy","EditorialMatrix:distinct-angle",""
"285","planned","P2","safety-maintenance","safety-guide","gửi xe máy thuê an toàn","","informational-commercial","Gửi xe máy thuê: cách lưu vé, khóa và vị trí để tránh rắc rối","gui-xe-may-thue-an-toan","huong-dan","an-toan-su-co","/blog/danh-muc/huong-dan/an-toan-su-co/","/huongdan.html","verify-current-support-policy","EditorialMatrix:distinct-angle",""
"286","planned","P2","safety-maintenance","safety-guide","chống mất trộm xe thuê","","informational-commercial","Xe thuê và nguy cơ mất trộm: thói quen khóa và đỗ xe nên có","chong-mat-trom-xe-thue","huong-dan","an-toan-su-co","/blog/danh-muc/huong-dan/an-toan-su-co/","/huongdan.html","verify-current-support-policy","EditorialMatrix:distinct-angle",""
"287","planned","P2","safety-maintenance","safety-guide","xe thuê bị thủng lốp","","informational-commercial","Xe thuê bị thủng lốp: nên làm gì trước khi tự ý sửa?","xe-thue-bi-thung-lop","huong-dan","an-toan-su-co","/blog/danh-muc/huong-dan/an-toan-su-co/","/huongdan.html","verify-current-support-policy","EditorialMatrix:distinct-angle",""
"288","planned","P2","safety-maintenance","safety-guide","xe thuê chết máy giữa đường","","informational-commercial","Xe thuê chết máy giữa đường: 7 bước xử lý an toàn","xe-thue-chet-may-giua-duong","huong-dan","an-toan-su-co","/blog/danh-muc/huong-dan/an-toan-su-co/","/huongdan.html","verify-current-support-policy","EditorialMatrix:distinct-angle",""
"289","planned","P2","safety-maintenance","safety-guide","va quẹt nhẹ xe thuê","","informational-commercial","Va quẹt nhẹ khi đi xe thuê: cách ghi nhận hiện trường và liên hệ","va-quet-nhe-xe-thue","huong-dan","an-toan-su-co","/blog/danh-muc/huong-dan/an-toan-su-co/","/huongdan.html","verify-current-support-policy","EditorialMatrix:distinct-angle",""
"290","planned","P2","safety-maintenance","safety-guide","checklist trả xe máy thuê","","informational-commercial","Checklist trả xe máy thuê: 10 việc làm trước khi bàn giao","checklist-tra-xe-may-thue","huong-dan","an-toan-su-co","/blog/danh-muc/huong-dan/an-toan-su-co/","/huongdan.html","verify-current-support-policy","EditorialMatrix:distinct-angle",""
"291","published","P0","comparisons","comparison","xe ga hay xe số khi thuê","thuê xe ga hay xe số","informational-commercial","Xe ga hay xe số: chọn loại nào khi đi Hà Nội?","xe-ga-hay-xe-so-khi-thue","kinh-nghiem","so-sanh-lua-chon","/blog/danh-muc/kinh-nghiem/so-sanh-lua-chon/","/loaixe.html","","ExistingPost","/blog/xe-ga-hay-xe-so/"
"292","planned","P2","comparisons","comparison","thuê xe máy hay gọi xe công nghệ","","informational-commercial","Thuê xe máy hay gọi xe công nghệ ở Hà Nội: chọn theo số chuyến và thời gian","thue-xe-may-hay-goi-xe-cong-nghe","kinh-nghiem","so-sanh-lua-chon","/blog/danh-muc/kinh-nghiem/so-sanh-lua-chon/","/huongdan.html","verify-current-business-pricing | verify-current-vietnam-law-if-needed","EditorialMatrix:distinct-angle",""
"293","planned","P2","comparisons","comparison","app thuê xe hay cửa hàng thuê xe","","informational-commercial","Thuê xe qua app hay tại cửa hàng: khác nhau ở kiểm tra xe và hỗ trợ","app-thue-xe-hay-cua-hang-thue-xe","kinh-nghiem","so-sanh-lua-chon","/blog/danh-muc/kinh-nghiem/so-sanh-lua-chon/","/huongdan.html","verify-current-business-pricing | verify-current-vietnam-law-if-needed","EditorialMatrix:distinct-angle",""
"294","planned","P2","comparisons","comparison","thuê xe theo ngày hay theo tháng","","informational-commercial","Thuê xe máy theo ngày hay theo tháng: điểm hòa vốn nên tính thế nào?","thue-xe-theo-ngay-hay-theo-thang","kinh-nghiem","so-sanh-lua-chon","/blog/danh-muc/kinh-nghiem/so-sanh-lua-chon/","/huongdan.html","verify-current-business-pricing | verify-current-vietnam-law-if-needed","EditorialMatrix:distinct-angle",""
"295","planned","P2","comparisons","comparison","thuê xe máy điện hay xe xăng","","informational-commercial","Thuê xe máy điện hay xe xăng: chọn theo quãng đường, sạc và thói quen","thue-xe-may-dien-hay-xe-xang","kinh-nghiem","so-sanh-lua-chon","/blog/danh-muc/kinh-nghiem/so-sanh-lua-chon/","/huongdan.html","verify-current-business-pricing | verify-current-vietnam-law-if-needed","EditorialMatrix:distinct-angle",""
"296","planned","P2","comparisons","comparison","thuê xe 50cc hay xe trên 50cc","","informational-commercial","Thuê xe 50cc hay xe trên 50cc: khác nhau ở nhu cầu và quy định nào?","thue-xe-50cc-hay-xe-tren-50cc","kinh-nghiem","so-sanh-lua-chon","/blog/danh-muc/kinh-nghiem/so-sanh-lua-chon/","/huongdan.html","verify-current-business-pricing | verify-current-vietnam-law-if-needed","EditorialMatrix:distinct-angle",""
"297","planned","P2","comparisons","comparison","thuê cub 50cc hay xe ga 50cc","","informational-commercial","Thuê Cub 50cc hay xe ga 50cc: chọn theo thao tác và chỗ để đồ","thue-cub-50cc-hay-xe-ga-50cc","kinh-nghiem","so-sanh-lua-chon","/blog/danh-muc/kinh-nghiem/so-sanh-lua-chon/","/huongdan.html","verify-current-business-pricing | verify-current-vietnam-law-if-needed","EditorialMatrix:distinct-angle",""
"298","planned","P2","comparisons","comparison","thuê xe giá rẻ hay xe mới","","informational-commercial","Thuê xe giá rẻ hay ưu tiên xe mới hơn: nên đánh đổi ở đâu?","thue-xe-gia-re-hay-xe-moi","kinh-nghiem","so-sanh-lua-chon","/blog/danh-muc/kinh-nghiem/so-sanh-lua-chon/","/huongdan.html","verify-current-business-pricing | verify-current-vietnam-law-if-needed","EditorialMatrix:distinct-angle",""
"299","planned","P2","comparisons","comparison","giao xe tận nơi hay tự đến nhận xe","","informational-commercial","Giao xe tận nơi hay tự đến nhận: cách chọn theo hành lý và thời gian","giao-xe-tan-noi-hay-tu-den-nhan-xe","kinh-nghiem","so-sanh-lua-chon","/blog/danh-muc/kinh-nghiem/so-sanh-lua-chon/","/huongdan.html","verify-current-business-pricing | verify-current-vietnam-law-if-needed","EditorialMatrix:distinct-angle",""
"300","planned","P2","comparisons","comparison","thuê xe gần khách sạn hay gần ga","","informational-commercial","Thuê xe gần khách sạn hay gần ga/bến: vị trí nào tiện hơn cho lịch trình?","thue-xe-gan-khach-san-hay-gan-ga","kinh-nghiem","so-sanh-lua-chon","/blog/danh-muc/kinh-nghiem/so-sanh-lua-chon/","/huongdan.html","verify-current-business-pricing | verify-current-vietnam-law-if-needed","EditorialMatrix:distinct-angle",""
